Date,Material,Unit,Price_INR,7_Day_Avg
2024-11-01,Cement (OPC 53 Grade),Per 50kg Bag,368.76,368.76
2024-11-01,Steel (TMT Fe550),Per Ton,55985.33,55985.33
2024-11-01,River Sand,Per Cubic Meter,1560.81,1560.81
2024-11-01,Aggregates (20mm),Per Cubic Meter,1286.34,1286.34
2024-11-02,Cement (OPC 53 Grade),Per 50kg Bag,366.08,367.42
2024-11-02,Steel (TMT Fe550),Per Ton,55917.04,55951.18
2024-11-02,River Sand,Per Cubic Meter,1581.54,1571.18
2024-11-02,Aggregates (20mm),Per Cubic Meter,1270.41,1278.38
2024-11-03,Cement (OPC 53 Grade),Per 50kg Bag,365.07,366.64
2024-11-03,Steel (TMT Fe550),Per Ton,56140.19,56014.19
2024-11-03,River Sand,Per Cubic Meter,1532.89,1558.41
2024-11-03,Aggregates (20mm),Per Cubic Meter,1244.95,1267.23
2024-11-04,Cement (OPC 53 Grade),Per 50kg Bag,367.21,366.78
2024-11-04,Steel (TMT Fe550),Per Ton,55286.43,55832.25
2024-11-04,River Sand,Per Cubic Meter,1502.49,1544.43
2024-11-04,Aggregates (20mm),Per Cubic Meter,1242.23,1260.98
2024-11-05,Cement (OPC 53 Grade),Per 50kg Bag,362.8,365.98
2024-11-05,Steel (TMT Fe550),Per Ton,55994.41,55864.68
2024-11-05,River Sand,Per Cubic Meter,1520.6,1539.67
2024-11-05,Aggregates (20mm),Per Cubic Meter,1224.45,1253.68
2024-11-06,Cement (OPC 53 Grade),Per 50kg Bag,370.84,366.79
2024-11-06,Steel (TMT Fe550),Per Ton,55780.5,55850.65
2024-11-06,River Sand,Per Cubic Meter,1542.42,1540.12
2024-11-06,Aggregates (20mm),Per Cubic Meter,1223.44,1248.64
2024-11-07,Cement (OPC 53 Grade),Per 50kg Bag,363.92,366.38
2024-11-07,Steel (TMT Fe550),Per Ton,55859.47,55851.91
2024-11-07,River Sand,Per Cubic Meter,1513.07,1536.26
2024-11-07,Aggregates (20mm),Per Cubic Meter,1258.71,1250.08
2024-11-08,Cement (OPC 53 Grade),Per 50kg Bag,363.52,365.63
2024-11-08,Steel (TMT Fe550),Per Ton,55692.64,55810.1
2024-11-08,River Sand,Per Cubic Meter,1524.99,1531.14
2024-11-08,Aggregates (20mm),Per Cubic Meter,1287.51,1250.24
2024-11-09,Cement (OPC 53 Grade),Per 50kg Bag,365.27,365.52
2024-11-09,Steel (TMT Fe550),Per Ton,55405.33,55737.0
2024-11-09,River Sand,Per Cubic Meter,1557.34,1527.69
2024-11-09,Aggregates (20mm),Per Cubic Meter,1225.33,1243.8
2024-11-10,Cement (OPC 53 Grade),Per 50kg Bag,365.8,365.62
2024-11-10,Steel (TMT Fe550),Per Ton,55073.37,55584.59
2024-11-10,River Sand,Per Cubic Meter,1506.29,1523.89
2024-11-10,Aggregates (20mm),Per Cubic Meter,1252.98,1244.95
2024-11-11,Cement (OPC 53 Grade),Per 50kg Bag,367.37,365.65
2024-11-11,Steel (TMT Fe550),Per Ton,55753.08,55651.26
2024-11-11,River Sand,Per Cubic Meter,1533.74,1528.35
2024-11-11,Aggregates (20mm),Per Cubic Meter,1242.34,1244.97
2024-11-12,Cement (OPC 53 Grade),Per 50kg Bag,359.78,365.21
2024-11-12,Steel (TMT Fe550),Per Ton,55426.06,55570.06
2024-11-12,River Sand,Per Cubic Meter,1524.87,1528.96
2024-11-12,Aggregates (20mm),Per Cubic Meter,1268.83,1251.31
2024-11-13,Cement (OPC 53 Grade),Per 50kg Bag,365.66,364.47
2024-11-13,Steel (TMT Fe550),Per Ton,55049.06,55465.57
2024-11-13,River Sand,Per Cubic Meter,1542.37,1528.95
2024-11-13,Aggregates (20mm),Per Cubic Meter,1239.33,1253.58
2024-11-14,Cement (OPC 53 Grade),Per 50kg Bag,362.07,364.21
2024-11-14,Steel (TMT Fe550),Per Ton,55812.07,55458.8
2024-11-14,River Sand,Per Cubic Meter,1558.08,1535.38
2024-11-14,Aggregates (20mm),Per Cubic Meter,1265.02,1254.48
2024-11-15,Cement (OPC 53 Grade),Per 50kg Bag,361.35,363.9
2024-11-15,Steel (TMT Fe550),Per Ton,55477.26,55428.03
2024-11-15,River Sand,Per Cubic Meter,1540.98,1537.67
2024-11-15,Aggregates (20mm),Per Cubic Meter,1265.28,1251.3
2024-11-16,Cement (OPC 53 Grade),Per 50kg Bag,362.37,363.49
2024-11-16,Steel (TMT Fe550),Per Ton,55491.3,55440.31
2024-11-16,River Sand,Per Cubic Meter,1506.69,1530.43
2024-11-16,Aggregates (20mm),Per Cubic Meter,1221.23,1250.72
2024-11-17,Cement (OPC 53 Grade),Per 50kg Bag,366.5,363.59
2024-11-17,Steel (TMT Fe550),Per Ton,55978.85,55569.67
2024-11-17,River Sand,Per Cubic Meter,1530.09,1533.83
2024-11-17,Aggregates (20mm),Per Cubic Meter,1264.64,1252.38
2024-11-18,Cement (OPC 53 Grade),Per 50kg Bag,364.83,363.22
2024-11-18,Steel (TMT Fe550),Per Ton,55286.05,55502.95
2024-11-18,River Sand,Per Cubic Meter,1539.5,1534.65
2024-11-18,Aggregates (20mm),Per Cubic Meter,1274.75,1257.01
2024-11-19,Cement (OPC 53 Grade),Per 50kg Bag,363.34,363.73
2024-11-19,Steel (TMT Fe550),Per Ton,55997.7,55584.61
2024-11-19,River Sand,Per Cubic Meter,1469.25,1526.71
2024-11-19,Aggregates (20mm),Per Cubic Meter,1259.87,1255.73
2024-11-20,Cement (OPC 53 Grade),Per 50kg Bag,363.6,363.44
2024-11-20,Steel (TMT Fe550),Per Ton,55352.28,55627.93
2024-11-20,River Sand,Per Cubic Meter,1531.85,1525.21
2024-11-20,Aggregates (20mm),Per Cubic Meter,1203.14,1250.56
2024-11-21,Cement (OPC 53 Grade),Per 50kg Bag,362.42,363.49
2024-11-21,Steel (TMT Fe550),Per Ton,55547.55,55590.14
2024-11-21,River Sand,Per Cubic Meter,1563.55,1525.99
2024-11-21,Aggregates (20mm),Per Cubic Meter,1232.0,1245.84
2024-11-22,Cement (OPC 53 Grade),Per 50kg Bag,360.31,363.34
2024-11-22,Steel (TMT Fe550),Per Ton,55238.58,55556.04
2024-11-22,River Sand,Per Cubic Meter,1549.8,1527.25
2024-11-22,Aggregates (20mm),Per Cubic Meter,1248.43,1243.44
2024-11-23,Cement (OPC 53 Grade),Per 50kg Bag,361.09,363.16
2024-11-23,Steel (TMT Fe550),Per Ton,55555.0,55565.14
2024-11-23,River Sand,Per Cubic Meter,1530.1,1530.59
2024-11-23,Aggregates (20mm),Per Cubic Meter,1260.74,1249.08
2024-11-24,Cement (OPC 53 Grade),Per 50kg Bag,360.38,362.28
2024-11-24,Steel (TMT Fe550),Per Ton,55253.55,55461.53
2024-11-24,River Sand,Per Cubic Meter,1518.1,1528.88
2024-11-24,Aggregates (20mm),Per Cubic Meter,1211.62,1241.51
2024-11-25,Cement (OPC 53 Grade),Per 50kg Bag,363.58,362.1
2024-11-25,Steel (TMT Fe550),Per Ton,55429.43,55482.01
2024-11-25,River Sand,Per Cubic Meter,1526.81,1527.07
2024-11-25,Aggregates (20mm),Per Cubic Meter,1235.74,1235.93
2024-11-26,Cement (OPC 53 Grade),Per 50kg Bag,357.74,361.3
2024-11-26,Steel (TMT Fe550),Per Ton,55182.63,55365.57
2024-11-26,River Sand,Per Cubic Meter,1518.15,1534.05
2024-11-26,Aggregates (20mm),Per Cubic Meter,1223.95,1230.8
2024-11-27,Cement (OPC 53 Grade),Per 50kg Bag,361.8,361.05
2024-11-27,Steel (TMT Fe550),Per Ton,55438.75,55377.93
2024-11-27,River Sand,Per Cubic Meter,1569.64,1539.45
2024-11-27,Aggregates (20mm),Per Cubic Meter,1243.07,1236.51
2024-11-28,Cement (OPC 53 Grade),Per 50kg Bag,363.08,361.14
2024-11-28,Steel (TMT Fe550),Per Ton,55261.26,55337.03
2024-11-28,River Sand,Per Cubic Meter,1480.36,1527.57
2024-11-28,Aggregates (20mm),Per Cubic Meter,1238.64,1237.46
2024-11-29,Cement (OPC 53 Grade),Per 50kg Bag,362.31,361.43
2024-11-29,Steel (TMT Fe550),Per Ton,56089.98,55458.66
2024-11-29,River Sand,Per Cubic Meter,1520.17,1523.33
2024-11-29,Aggregates (20mm),Per Cubic Meter,1244.82,1236.94
2024-11-30,Cement (OPC 53 Grade),Per 50kg Bag,361.88,361.54
2024-11-30,Steel (TMT Fe550),Per Ton,54862.97,55359.8
2024-11-30,River Sand,Per Cubic Meter,1550.87,1526.3
2024-11-30,Aggregates (20mm),Per Cubic Meter,1253.46,1235.9
2024-12-01,Cement (OPC 53 Grade),Per 50kg Bag,364.53,362.13
2024-12-01,Steel (TMT Fe550),Per Ton,54933.84,55314.12
2024-12-01,River Sand,Per Cubic Meter,1556.51,1531.79
2024-12-01,Aggregates (20mm),Per Cubic Meter,1210.03,1235.67
2024-12-02,Cement (OPC 53 Grade),Per 50kg Bag,363.76,362.16
2024-12-02,Steel (TMT Fe550),Per Ton,55952.38,55388.83
2024-12-02,River Sand,Per Cubic Meter,1500.26,1527.99
2024-12-02,Aggregates (20mm),Per Cubic Meter,1226.41,1234.34
2024-12-03,Cement (OPC 53 Grade),Per 50kg Bag,362.04,362.77
2024-12-03,Steel (TMT Fe550),Per Ton,55040.48,55368.52
2024-12-03,River Sand,Per Cubic Meter,1486.81,1523.52
2024-12-03,Aggregates (20mm),Per Cubic Meter,1238.8,1236.46
2024-12-04,Cement (OPC 53 Grade),Per 50kg Bag,358.08,362.24
2024-12-04,Steel (TMT Fe550),Per Ton,55353.08,55356.28
2024-12-04,River Sand,Per Cubic Meter,1501.17,1513.74
2024-12-04,Aggregates (20mm),Per Cubic Meter,1268.13,1240.04
2024-12-05,Cement (OPC 53 Grade),Per 50kg Bag,358.93,361.65
2024-12-05,Steel (TMT Fe550),Per Ton,55075.6,55329.76
2024-12-05,River Sand,Per Cubic Meter,1541.27,1522.44
2024-12-05,Aggregates (20mm),Per Cubic Meter,1212.24,1236.27
2024-12-06,Cement (OPC 53 Grade),Per 50kg Bag,362.23,361.64
2024-12-06,Steel (TMT Fe550),Per Ton,55607.24,55260.8
2024-12-06,River Sand,Per Cubic Meter,1484.47,1517.34
2024-12-06,Aggregates (20mm),Per Cubic Meter,1240.3,1235.62
2024-12-07,Cement (OPC 53 Grade),Per 50kg Bag,362.27,361.69
2024-12-07,Steel (TMT Fe550),Per Ton,55421.54,55340.59
2024-12-07,River Sand,Per Cubic Meter,1492.82,1509.04
2024-12-07,Aggregates (20mm),Per Cubic Meter,1209.96,1229.41
2024-12-08,Cement (OPC 53 Grade),Per 50kg Bag,363.08,361.48
2024-12-08,Steel (TMT Fe550),Per Ton,55250.18,55385.79
2024-12-08,River Sand,Per Cubic Meter,1527.26,1504.87
2024-12-08,Aggregates (20mm),Per Cubic Meter,1243.08,1234.13
2024-12-09,Cement (OPC 53 Grade),Per 50kg Bag,359.01,360.81
2024-12-09,Steel (TMT Fe550),Per Ton,55219.69,55281.12
2024-12-09,River Sand,Per Cubic Meter,1528.0,1508.83
2024-12-09,Aggregates (20mm),Per Cubic Meter,1221.66,1233.45
2024-12-10,Cement (OPC 53 Grade),Per 50kg Bag,367.44,361.58
2024-12-10,Steel (TMT Fe550),Per Ton,55292.15,55317.07
2024-12-10,River Sand,Per Cubic Meter,1493.15,1509.73
2024-12-10,Aggregates (20mm),Per Cubic Meter,1248.9,1234.9
2024-12-11,Cement (OPC 53 Grade),Per 50kg Bag,357.93,361.56
2024-12-11,Steel (TMT Fe550),Per Ton,55389.35,55322.25
2024-12-11,River Sand,Per Cubic Meter,1547.78,1516.39
2024-12-11,Aggregates (20mm),Per Cubic Meter,1219.19,1227.9
2024-12-12,Cement (OPC 53 Grade),Per 50kg Bag,364.35,362.33
2024-12-12,Steel (TMT Fe550),Per Ton,55258.22,55348.34
2024-12-12,River Sand,Per Cubic Meter,1539.75,1516.18
2024-12-12,Aggregates (20mm),Per Cubic Meter,1273.4,1236.64
2024-12-13,Cement (OPC 53 Grade),Per 50kg Bag,360.28,362.05
2024-12-13,Steel (TMT Fe550),Per Ton,54863.87,55242.14
2024-12-13,River Sand,Per Cubic Meter,1499.66,1518.35
2024-12-13,Aggregates (20mm),Per Cubic Meter,1219.02,1233.6
2024-12-14,Cement (OPC 53 Grade),Per 50kg Bag,360.81,361.84
2024-12-14,Steel (TMT Fe550),Per Ton,55224.17,55213.95
2024-12-14,River Sand,Per Cubic Meter,1526.74,1523.19
2024-12-14,Aggregates (20mm),Per Cubic Meter,1251.78,1239.58
2024-12-15,Cement (OPC 53 Grade),Per 50kg Bag,361.09,361.56
2024-12-15,Steel (TMT Fe550),Per Ton,55591.16,55262.66
2024-12-15,River Sand,Per Cubic Meter,1514.01,1521.3
2024-12-15,Aggregates (20mm),Per Cubic Meter,1289.55,1246.21
2024-12-16,Cement (OPC 53 Grade),Per 50kg Bag,363.11,362.14
2024-12-16,Steel (TMT Fe550),Per Ton,54817.98,55205.27
2024-12-16,River Sand,Per Cubic Meter,1495.11,1516.6
2024-12-16,Aggregates (20mm),Per Cubic Meter,1244.73,1249.51
2024-12-17,Cement (OPC 53 Grade),Per 50kg Bag,360.27,361.12
2024-12-17,Steel (TMT Fe550),Per Ton,55339.61,55212.05
2024-12-17,River Sand,Per Cubic Meter,1531.09,1522.02
2024-12-17,Aggregates (20mm),Per Cubic Meter,1233.58,1247.32
2024-12-18,Cement (OPC 53 Grade),Per 50kg Bag,358.18,361.16
2024-12-18,Steel (TMT Fe550),Per Ton,54595.43,55098.63
2024-12-18,River Sand,Per Cubic Meter,1509.59,1516.56
2024-12-18,Aggregates (20mm),Per Cubic Meter,1252.14,1252.03
2024-12-19,Cement (OPC 53 Grade),Per 50kg Bag,361.71,360.78
2024-12-19,Steel (TMT Fe550),Per Ton,54684.76,55016.71
2024-12-19,River Sand,Per Cubic Meter,1524.04,1514.32
2024-12-19,Aggregates (20mm),Per Cubic Meter,1242.71,1247.64
2024-12-20,Cement (OPC 53 Grade),Per 50kg Bag,358.06,360.46
2024-12-20,Steel (TMT Fe550),Per Ton,55151.73,55057.83
2024-12-20,River Sand,Per Cubic Meter,1521.37,1517.42
2024-12-20,Aggregates (20mm),Per Cubic Meter,1212.15,1246.66
2024-12-21,Cement (OPC 53 Grade),Per 50kg Bag,362.2,360.66
2024-12-21,Steel (TMT Fe550),Per Ton,55288.75,55067.06
2024-12-21,River Sand,Per Cubic Meter,1545.32,1520.08
2024-12-21,Aggregates (20mm),Per Cubic Meter,1256.12,1247.28
2024-12-22,Cement (OPC 53 Grade),Per 50kg Bag,356.43,359.99
2024-12-22,Steel (TMT Fe550),Per Ton,54791.42,54952.81
2024-12-22,River Sand,Per Cubic Meter,1532.13,1522.66
2024-12-22,Aggregates (20mm),Per Cubic Meter,1245.37,1240.97
2024-12-23,Cement (OPC 53 Grade),Per 50kg Bag,362.76,359.94
2024-12-23,Steel (TMT Fe550),Per Ton,56391.32,55177.57
2024-12-23,River Sand,Per Cubic Meter,1533.52,1528.15
2024-12-23,Aggregates (20mm),Per Cubic Meter,1257.87,1242.85
2024-12-24,Cement (OPC 53 Grade),Per 50kg Bag,364.25,360.51
2024-12-24,Steel (TMT Fe550),Per Ton,55328.12,55175.93
2024-12-24,River Sand,Per Cubic Meter,1512.95,1525.56
2024-12-24,Aggregates (20mm),Per Cubic Meter,1250.43,1245.26
2024-12-25,Cement (OPC 53 Grade),Per 50kg Bag,358.53,360.56
2024-12-25,Steel (TMT Fe550),Per Ton,55036.82,55238.99
2024-12-25,River Sand,Per Cubic Meter,1509.11,1525.49
2024-12-25,Aggregates (20mm),Per Cubic Meter,1236.99,1243.09
2024-12-26,Cement (OPC 53 Grade),Per 50kg Bag,368.86,361.58
2024-12-26,Steel (TMT Fe550),Per Ton,54498.95,55212.44
2024-12-26,River Sand,Per Cubic Meter,1536.6,1527.29
2024-12-26,Aggregates (20mm),Per Cubic Meter,1203.22,1237.45
2024-12-27,Cement (OPC 53 Grade),Per 50kg Bag,359.61,361.81
2024-12-27,Steel (TMT Fe550),Per Ton,55490.83,55260.89
2024-12-27,River Sand,Per Cubic Meter,1522.27,1527.41
2024-12-27,Aggregates (20mm),Per Cubic Meter,1214.07,1237.72
2024-12-28,Cement (OPC 53 Grade),Per 50kg Bag,358.85,361.33
2024-12-28,Steel (TMT Fe550),Per Ton,55361.7,55271.31
2024-12-28,River Sand,Per Cubic Meter,1503.93,1521.5
2024-12-28,Aggregates (20mm),Per Cubic Meter,1240.12,1235.44
2024-12-29,Cement (OPC 53 Grade),Per 50kg Bag,361.44,362.04
2024-12-29,Steel (TMT Fe550),Per Ton,54926.14,55290.55
2024-12-29,River Sand,Per Cubic Meter,1571.22,1527.09
2024-12-29,Aggregates (20mm),Per Cubic Meter,1248.65,1235.91
2024-12-30,Cement (OPC 53 Grade),Per 50kg Bag,354.59,360.88
2024-12-30,Steel (TMT Fe550),Per Ton,55214.5,55122.44
2024-12-30,River Sand,Per Cubic Meter,1506.0,1523.15
2024-12-30,Aggregates (20mm),Per Cubic Meter,1253.22,1235.24
2024-12-31,Cement (OPC 53 Grade),Per 50kg Bag,358.77,360.09
2024-12-31,Steel (TMT Fe550),Per Ton,55123.96,55093.27
2024-12-31,River Sand,Per Cubic Meter,1533.5,1526.09
2024-12-31,Aggregates (20mm),Per Cubic Meter,1253.71,1235.71
2025-01-01,Cement (OPC 53 Grade),Per 50kg Bag,357.42,359.93
2025-01-01,Steel (TMT Fe550),Per Ton,55053.31,55095.63
2025-01-01,River Sand,Per Cubic Meter,1510.71,1526.32
2025-01-01,Aggregates (20mm),Per Cubic Meter,1223.39,1233.77
2025-01-02,Cement (OPC 53 Grade),Per 50kg Bag,367.38,359.72
2025-01-02,Steel (TMT Fe550),Per Ton,55310.71,55211.59
2025-01-02,River Sand,Per Cubic Meter,1492.67,1520.04
2025-01-02,Aggregates (20mm),Per Cubic Meter,1255.05,1241.17
2025-01-03,Cement (OPC 53 Grade),Per 50kg Bag,368.65,361.01
2025-01-03,Steel (TMT Fe550),Per Ton,55531.61,55217.42
2025-01-03,River Sand,Per Cubic Meter,1486.96,1515.0
2025-01-03,Aggregates (20mm),Per Cubic Meter,1227.28,1243.06
2025-01-04,Cement (OPC 53 Grade),Per 50kg Bag,365.88,362.02
2025-01-04,Steel (TMT Fe550),Per Ton,54964.14,55160.62
2025-01-04,River Sand,Per Cubic Meter,1533.12,1519.17
2025-01-04,Aggregates (20mm),Per Cubic Meter,1252.73,1244.86
2025-01-05,Cement (OPC 53 Grade),Per 50kg Bag,358.65,361.62
2025-01-05,Steel (TMT Fe550),Per Ton,55193.59,55198.83
2025-01-05,River Sand,Per Cubic Meter,1447.5,1501.49
2025-01-05,Aggregates (20mm),Per Cubic Meter,1217.05,1240.35
2025-01-06,Cement (OPC 53 Grade),Per 50kg Bag,360.99,362.53
2025-01-06,Steel (TMT Fe550),Per Ton,54811.73,55141.29
2025-01-06,River Sand,Per Cubic Meter,1561.61,1509.44
2025-01-06,Aggregates (20mm),Per Cubic Meter,1209.26,1234.07
2025-01-07,Cement (OPC 53 Grade),Per 50kg Bag,360.47,362.78
2025-01-07,Steel (TMT Fe550),Per Ton,55286.29,55164.48
2025-01-07,River Sand,Per Cubic Meter,1557.57,1512.88
2025-01-07,Aggregates (20mm),Per Cubic Meter,1209.48,1227.75
2025-01-08,Cement (OPC 53 Grade),Per 50kg Bag,365.92,363.99
2025-01-08,Steel (TMT Fe550),Per Ton,55261.98,55194.29
2025-01-08,River Sand,Per Cubic Meter,1501.47,1511.56
2025-01-08,Aggregates (20mm),Per Cubic Meter,1247.8,1231.24
2025-01-09,Cement (OPC 53 Grade),Per 50kg Bag,362.81,363.34
2025-01-09,Steel (TMT Fe550),Per Ton,55075.17,55160.64
2025-01-09,River Sand,Per Cubic Meter,1526.46,1516.38
2025-01-09,Aggregates (20mm),Per Cubic Meter,1231.22,1227.83
2025-01-10,Cement (OPC 53 Grade),Per 50kg Bag,362.64,362.48
2025-01-10,Steel (TMT Fe550),Per Ton,55513.44,55158.05
2025-01-10,River Sand,Per Cubic Meter,1562.32,1527.15
2025-01-10,Aggregates (20mm),Per Cubic Meter,1214.56,1226.01
2025-01-11,Cement (OPC 53 Grade),Per 50kg Bag,369.49,363.0
2025-01-11,Steel (TMT Fe550),Per Ton,54660.32,55114.65
2025-01-11,River Sand,Per Cubic Meter,1522.28,1525.6
2025-01-11,Aggregates (20mm),Per Cubic Meter,1251.5,1225.84
2025-01-12,Cement (OPC 53 Grade),Per 50kg Bag,363.44,363.68
2025-01-12,Steel (TMT Fe550),Per Ton,55122.52,55104.49
2025-01-12,River Sand,Per Cubic Meter,1521.49,1536.17
2025-01-12,Aggregates (20mm),Per Cubic Meter,1230.3,1227.73
2025-01-13,Cement (OPC 53 Grade),Per 50kg Bag,360.67,363.63
2025-01-13,Steel (TMT Fe550),Per Ton,55633.16,55221.84
2025-01-13,River Sand,Per Cubic Meter,1535.23,1532.4
2025-01-13,Aggregates (20mm),Per Cubic Meter,1226.74,1230.23
2025-01-14,Cement (OPC 53 Grade),Per 50kg Bag,365.77,364.39
2025-01-14,Steel (TMT Fe550),Per Ton,55473.04,55248.52
2025-01-14,River Sand,Per Cubic Meter,1546.43,1530.81
2025-01-14,Aggregates (20mm),Per Cubic Meter,1253.66,1236.54
2025-01-15,Cement (OPC 53 Grade),Per 50kg Bag,360.15,363.57
2025-01-15,Steel (TMT Fe550),Per Ton,55205.31,55240.42
2025-01-15,River Sand,Per Cubic Meter,1545.49,1537.1
2025-01-15,Aggregates (20mm),Per Cubic Meter,1253.75,1237.39
2025-01-16,Cement (OPC 53 Grade),Per 50kg Bag,362.99,363.59
2025-01-16,Steel (TMT Fe550),Per Ton,55453.35,55294.45
2025-01-16,River Sand,Per Cubic Meter,1558.48,1541.67
2025-01-16,Aggregates (20mm),Per Cubic Meter,1230.21,1237.25
2025-01-17,Cement (OPC 53 Grade),Per 50kg Bag,365.03,363.93
2025-01-17,Steel (TMT Fe550),Per Ton,55369.81,55273.93
2025-01-17,River Sand,Per Cubic Meter,1524.22,1536.23
2025-01-17,Aggregates (20mm),Per Cubic Meter,1264.53,1244.38
2025-01-18,Cement (OPC 53 Grade),Per 50kg Bag,366.12,363.45
2025-01-18,Steel (TMT Fe550),Per Ton,55732.11,55427.04
2025-01-18,River Sand,Per Cubic Meter,1560.42,1541.68
2025-01-18,Aggregates (20mm),Per Cubic Meter,1243.51,1243.24
2025-01-19,Cement (OPC 53 Grade),Per 50kg Bag,365.8,363.79
2025-01-19,Steel (TMT Fe550),Per Ton,55381.99,55464.11
2025-01-19,River Sand,Per Cubic Meter,1538.2,1544.07
2025-01-19,Aggregates (20mm),Per Cubic Meter,1241.04,1244.78
2025-01-20,Cement (OPC 53 Grade),Per 50kg Bag,364.01,364.27
2025-01-20,Steel (TMT Fe550),Per Ton,55709.02,55474.95
2025-01-20,River Sand,Per Cubic Meter,1512.24,1540.78
2025-01-20,Aggregates (20mm),Per Cubic Meter,1286.05,1253.25
2025-01-21,Cement (OPC 53 Grade),Per 50kg Bag,360.51,363.52
2025-01-21,Steel (TMT Fe550),Per Ton,55131.86,55426.21
2025-01-21,River Sand,Per Cubic Meter,1559.07,1542.59
2025-01-21,Aggregates (20mm),Per Cubic Meter,1260.62,1254.24
2025-01-22,Cement (OPC 53 Grade),Per 50kg Bag,366.12,364.37
2025-01-22,Steel (TMT Fe550),Per Ton,55772.73,55507.27
2025-01-22,River Sand,Per Cubic Meter,1532.49,1540.73
2025-01-22,Aggregates (20mm),Per Cubic Meter,1227.44,1250.49
2025-01-23,Cement (OPC 53 Grade),Per 50kg Bag,364.47,364.58
2025-01-23,Steel (TMT Fe550),Per Ton,55364.97,55494.64
2025-01-23,River Sand,Per Cubic Meter,1556.29,1540.42
2025-01-23,Aggregates (20mm),Per Cubic Meter,1243.06,1252.32
2025-01-24,Cement (OPC 53 Grade),Per 50kg Bag,361.65,364.1
2025-01-24,Steel (TMT Fe550),Per Ton,55511.68,55514.91
2025-01-24,River Sand,Per Cubic Meter,1543.95,1543.24
2025-01-24,Aggregates (20mm),Per Cubic Meter,1235.35,1248.15
2025-01-25,Cement (OPC 53 Grade),Per 50kg Bag,361.85,363.49
2025-01-25,Steel (TMT Fe550),Per Ton,55728.86,55514.44
2025-01-25,River Sand,Per Cubic Meter,1540.82,1540.44
2025-01-25,Aggregates (20mm),Per Cubic Meter,1237.14,1247.24
2025-01-26,Cement (OPC 53 Grade),Per 50kg Bag,363.21,363.12
2025-01-26,Steel (TMT Fe550),Per Ton,55754.51,55567.66
2025-01-26,River Sand,Per Cubic Meter,1502.13,1535.28
2025-01-26,Aggregates (20mm),Per Cubic Meter,1219.79,1244.21
2025-01-27,Cement (OPC 53 Grade),Per 50kg Bag,362.58,362.91
2025-01-27,Steel (TMT Fe550),Per Ton,55636.22,55557.26
2025-01-27,River Sand,Per Cubic Meter,1544.01,1539.82
2025-01-27,Aggregates (20mm),Per Cubic Meter,1278.12,1243.07
2025-01-28,Cement (OPC 53 Grade),Per 50kg Bag,368.04,363.99
2025-01-28,Steel (TMT Fe550),Per Ton,55684.94,55636.27
2025-01-28,River Sand,Per Cubic Meter,1537.16,1536.69
2025-01-28,Aggregates (20mm),Per Cubic Meter,1229.26,1238.59
2025-01-29,Cement (OPC 53 Grade),Per 50kg Bag,365.33,363.88
2025-01-29,Steel (TMT Fe550),Per Ton,55673.59,55622.11
2025-01-29,River Sand,Per Cubic Meter,1546.01,1538.62
2025-01-29,Aggregates (20mm),Per Cubic Meter,1233.47,1239.46
2025-01-30,Cement (OPC 53 Grade),Per 50kg Bag,367.33,364.28
2025-01-30,Steel (TMT Fe550),Per Ton,56312.94,55757.53
2025-01-30,River Sand,Per Cubic Meter,1536.83,1535.84
2025-01-30,Aggregates (20mm),Per Cubic Meter,1258.77,1241.7
2025-01-31,Cement (OPC 53 Grade),Per 50kg Bag,368.12,365.21
2025-01-31,Steel (TMT Fe550),Per Ton,55701.15,55784.6
2025-01-31,River Sand,Per Cubic Meter,1545.5,1536.07
2025-01-31,Aggregates (20mm),Per Cubic Meter,1251.72,1244.04
2025-02-01,Cement (OPC 53 Grade),Per 50kg Bag,366.36,365.85
2025-02-01,Steel (TMT Fe550),Per Ton,55610.73,55767.73
2025-02-01,River Sand,Per Cubic Meter,1541.77,1536.2
2025-02-01,Aggregates (20mm),Per Cubic Meter,1262.18,1247.62
2025-02-02,Cement (OPC 53 Grade),Per 50kg Bag,371.1,366.98
2025-02-02,Steel (TMT Fe550),Per Ton,56222.3,55834.55
2025-02-02,River Sand,Per Cubic Meter,1592.38,1549.09
2025-02-02,Aggregates (20mm),Per Cubic Meter,1237.64,1250.17
2025-02-03,Cement (OPC 53 Grade),Per 50kg Bag,369.39,367.95
2025-02-03,Steel (TMT Fe550),Per Ton,55998.41,55886.29
2025-02-03,River Sand,Per Cubic Meter,1594.19,1556.26
2025-02-03,Aggregates (20mm),Per Cubic Meter,1237.6,1244.38
2025-02-04,Cement (OPC 53 Grade),Per 50kg Bag,363.92,367.36
2025-02-04,Steel (TMT Fe550),Per Ton,55772.87,55898.86
2025-02-04,River Sand,Per Cubic Meter,1494.52,1550.17
2025-02-04,Aggregates (20mm),Per Cubic Meter,1244.04,1246.49
2025-02-05,Cement (OPC 53 Grade),Per 50kg Bag,364.42,367.23
2025-02-05,Steel (TMT Fe550),Per Ton,64467.59,57155.14
2025-02-05,River Sand,Per Cubic Meter,1553.04,1551.18
2025-02-05,Aggregates (20mm),Per Cubic Meter,1292.89,1254.98
2025-02-06,Cement (OPC 53 Grade),Per 50kg Bag,370.36,367.67
2025-02-06,Steel (TMT Fe550),Per Ton,55852.9,57089.42
2025-02-06,River Sand,Per Cubic Meter,1525.11,1549.5
2025-02-06,Aggregates (20mm),Per Cubic Meter,1266.02,1256.01
2025-02-07,Cement (OPC 53 Grade),Per 50kg Bag,363.04,366.94
2025-02-07,Steel (TMT Fe550),Per Ton,56692.82,57231.09
2025-02-07,River Sand,Per Cubic Meter,1574.62,1553.66
2025-02-07,Aggregates (20mm),Per Cubic Meter,1247.63,1255.43
2025-02-08,Cement (OPC 53 Grade),Per 50kg Bag,361.97,366.31
2025-02-08,Steel (TMT Fe550),Per Ton,56571.33,57368.32
2025-02-08,River Sand,Per Cubic Meter,1545.47,1554.19
2025-02-08,Aggregates (20mm),Per Cubic Meter,1282.62,1258.35
2025-02-09,Cement (OPC 53 Grade),Per 50kg Bag,362.62,365.1
2025-02-09,Steel (TMT Fe550),Per Ton,55958.51,57330.63
2025-02-09,River Sand,Per Cubic Meter,1549.32,1548.04
2025-02-09,Aggregates (20mm),Per Cubic Meter,1259.66,1261.49
2025-02-10,Cement (OPC 53 Grade),Per 50kg Bag,366.69,364.72
2025-02-10,Steel (TMT Fe550),Per Ton,56404.72,57388.68
2025-02-10,River Sand,Per Cubic Meter,1525.35,1538.2
2025-02-10,Aggregates (20mm),Per Cubic Meter,1256.74,1264.23
2025-02-11,Cement (OPC 53 Grade),Per 50kg Bag,368.85,365.42
2025-02-11,Steel (TMT Fe550),Per Ton,56407.93,57479.4
2025-02-11,River Sand,Per Cubic Meter,1567.95,1548.69
2025-02-11,Aggregates (20mm),Per Cubic Meter,1237.98,1263.36
2025-02-12,Cement (OPC 53 Grade),Per 50kg Bag,363.59,365.3
2025-02-12,Steel (TMT Fe550),Per Ton,56702.2,56370.06
2025-02-12,River Sand,Per Cubic Meter,1560.2,1549.72
2025-02-12,Aggregates (20mm),Per Cubic Meter,1246.4,1256.72
2025-02-13,Cement (OPC 53 Grade),Per 50kg Bag,374.14,365.84
2025-02-13,Steel (TMT Fe550),Per Ton,56355.24,56441.82
2025-02-13,River Sand,Per Cubic Meter,1581.08,1557.71
2025-02-13,Aggregates (20mm),Per Cubic Meter,1263.62,1256.38
2025-02-14,Cement (OPC 53 Grade),Per 50kg Bag,376.11,367.71
2025-02-14,Steel (TMT Fe550),Per Ton,56942.66,56477.51
2025-02-14,River Sand,Per Cubic Meter,1548.88,1554.04
2025-02-14,Aggregates (20mm),Per Cubic Meter,1282.62,1261.38
2025-02-15,Cement (OPC 53 Grade),Per 50kg Bag,371.66,369.09
2025-02-15,Steel (TMT Fe550),Per Ton,56855.12,56518.05
2025-02-15,River Sand,Per Cubic Meter,1533.32,1552.3
2025-02-15,Aggregates (20mm),Per Cubic Meter,1277.83,1260.69
2025-02-16,Cement (OPC 53 Grade),Per 50kg Bag,373.31,370.62
2025-02-16,Steel (TMT Fe550),Per Ton,55854.49,56503.19
2025-02-16,River Sand,Per Cubic Meter,1529.38,1549.45
2025-02-16,Aggregates (20mm),Per Cubic Meter,1224.27,1255.64
2025-02-17,Cement (OPC 53 Grade),Per 50kg Bag,369.16,370.97
2025-02-17,Steel (TMT Fe550),Per Ton,56722.21,56548.55
2025-02-17,River Sand,Per Cubic Meter,1593.21,1559.15
2025-02-17,Aggregates (20mm),Per Cubic Meter,1267.48,1257.17
2025-02-18,Cement (OPC 53 Grade),Per 50kg Bag,375.77,371.96
2025-02-18,Steel (TMT Fe550),Per Ton,56065.73,56499.66
2025-02-18,River Sand,Per Cubic Meter,1519.59,1552.24
2025-02-18,Aggregates (20mm),Per Cubic Meter,1265.85,1261.15
2025-02-19,Cement (OPC 53 Grade),Per 50kg Bag,371.9,373.15
2025-02-19,Steel (TMT Fe550),Per Ton,56558.04,56479.07
2025-02-19,River Sand,Per Cubic Meter,1512.28,1545.39
2025-02-19,Aggregates (20mm),Per Cubic Meter,1266.14,1263.97
2025-02-20,Cement (OPC 53 Grade),Per 50kg Bag,366.56,372.07
2025-02-20,Steel (TMT Fe550),Per Ton,56835.77,56547.72
2025-02-20,River Sand,Per Cubic Meter,1570.28,1543.85
2025-02-20,Aggregates (20mm),Per Cubic Meter,1250.1,1262.04
2025-02-21,Cement (OPC 53 Grade),Per 50kg Bag,369.49,371.12
2025-02-21,Steel (TMT Fe550),Per Ton,56303.48,56456.41
2025-02-21,River Sand,Per Cubic Meter,1561.48,1545.65
2025-02-21,Aggregates (20mm),Per Cubic Meter,1288.99,1262.95
2025-02-22,Cement (OPC 53 Grade),Per 50kg Bag,368.2,370.63
2025-02-22,Steel (TMT Fe550),Per Ton,56868.98,56458.39
2025-02-22,River Sand,Per Cubic Meter,1551.79,1548.29
2025-02-22,Aggregates (20mm),Per Cubic Meter,1255.03,1259.69
2025-02-23,Cement (OPC 53 Grade),Per 50kg Bag,371.43,370.36
2025-02-23,Steel (TMT Fe550),Per Ton,56400.67,56536.41
2025-02-23,River Sand,Per Cubic Meter,1552.48,1551.59
2025-02-23,Aggregates (20mm),Per Cubic Meter,1247.93,1263.07
2025-02-24,Cement (OPC 53 Grade),Per 50kg Bag,378.63,371.71
2025-02-24,Steel (TMT Fe550),Per Ton,56802.67,56547.91
2025-02-24,River Sand,Per Cubic Meter,1550.32,1545.46
2025-02-24,Aggregates (20mm),Per Cubic Meter,1277.18,1264.46
2025-02-25,Cement (OPC 53 Grade),Per 50kg Bag,372.0,371.17
2025-02-25,Steel (TMT Fe550),Per Ton,56762.78,56647.48
2025-02-25,River Sand,Per Cubic Meter,1582.23,1554.41
2025-02-25,Aggregates (20mm),Per Cubic Meter,1289.07,1267.78
2025-02-26,Cement (OPC 53 Grade),Per 50kg Bag,370.91,371.03
2025-02-26,Steel (TMT Fe550),Per Ton,56690.36,56666.39
2025-02-26,River Sand,Per Cubic Meter,1562.75,1561.62
2025-02-26,Aggregates (20mm),Per Cubic Meter,1228.91,1262.46
2025-02-27,Cement (OPC 53 Grade),Per 50kg Bag,367.93,371.23
2025-02-27,Steel (TMT Fe550),Per Ton,57384.12,56744.72
2025-02-27,River Sand,Per Cubic Meter,1608.82,1567.12
2025-02-27,Aggregates (20mm),Per Cubic Meter,1271.0,1265.44
2025-02-28,Cement (OPC 53 Grade),Per 50kg Bag,375.21,372.04
2025-02-28,Steel (TMT Fe550),Per Ton,57078.76,56855.48
2025-02-28,River Sand,Per Cubic Meter,1643.56,1578.85
2025-02-28,Aggregates (20mm),Per Cubic Meter,1299.42,1266.93
2025-03-01,Cement (OPC 53 Grade),Per 50kg Bag,373.16,372.75
2025-03-01,Steel (TMT Fe550),Per Ton,56703.31,56831.81
2025-03-01,River Sand,Per Cubic Meter,1535.53,1576.53
2025-03-01,Aggregates (20mm),Per Cubic Meter,1282.14,1270.81
2025-03-02,Cement (OPC 53 Grade),Per 50kg Bag,371.38,372.75
2025-03-02,Steel (TMT Fe550),Per Ton,56594.85,56859.55
2025-03-02,River Sand,Per Cubic Meter,1559.23,1577.49
2025-03-02,Aggregates (20mm),Per Cubic Meter,1257.5,1272.17
2025-03-03,Cement (OPC 53 Grade),Per 50kg Bag,379.83,372.92
2025-03-03,Steel (TMT Fe550),Per Ton,57410.19,56946.34
2025-03-03,River Sand,Per Cubic Meter,1575.44,1581.08
2025-03-03,Aggregates (20mm),Per Cubic Meter,1309.79,1276.83
2025-03-04,Cement (OPC 53 Grade),Per 50kg Bag,374.78,373.31
2025-03-04,Steel (TMT Fe550),Per Ton,56876.86,56962.64
2025-03-04,River Sand,Per Cubic Meter,1612.48,1585.4
2025-03-04,Aggregates (20mm),Per Cubic Meter,1292.04,1277.26
2025-03-05,Cement (OPC 53 Grade),Per 50kg Bag,371.38,373.38
2025-03-05,Steel (TMT Fe550),Per Ton,57148.4,57028.07
2025-03-05,River Sand,Per Cubic Meter,1557.83,1584.7
2025-03-05,Aggregates (20mm),Per Cubic Meter,1254.68,1280.94
2025-03-06,Cement (OPC 53 Grade),Per 50kg Bag,378.24,374.85
2025-03-06,Steel (TMT Fe550),Per Ton,57896.44,57101.26
2025-03-06,River Sand,Per Cubic Meter,1546.95,1575.86
2025-03-06,Aggregates (20mm),Per Cubic Meter,1294.67,1284.32
2025-03-07,Cement (OPC 53 Grade),Per 50kg Bag,373.3,374.58
2025-03-07,Steel (TMT Fe550),Per Ton,57145.94,57110.86
2025-03-07,River Sand,Per Cubic Meter,1567.1,1564.94
2025-03-07,Aggregates (20mm),Per Cubic Meter,1267.22,1279.72
2025-03-08,Cement (OPC 53 Grade),Per 50kg Bag,375.95,374.98
2025-03-08,Steel (TMT Fe550),Per Ton,57079.88,57164.65
2025-03-08,River Sand,Per Cubic Meter,1588.57,1572.51
2025-03-08,Aggregates (20mm),Per Cubic Meter,1284.58,1280.07
2025-03-09,Cement (OPC 53 Grade),Per 50kg Bag,375.31,375.54
2025-03-09,Steel (TMT Fe550),Per Ton,57103.08,57237.26
2025-03-09,River Sand,Per Cubic Meter,1570.14,1574.07
2025-03-09,Aggregates (20mm),Per Cubic Meter,1301.79,1286.4
2025-03-10,Cement (OPC 53 Grade),Per 50kg Bag,378.1,375.29
2025-03-10,Steel (TMT Fe550),Per Ton,57128.66,57197.04
2025-03-10,River Sand,Per Cubic Meter,1587.27,1575.76
2025-03-10,Aggregates (20mm),Per Cubic Meter,1302.8,1285.4
2025-03-11,Cement (OPC 53 Grade),Per 50kg Bag,371.18,374.78
2025-03-11,Steel (TMT Fe550),Per Ton,57684.71,57312.44
2025-03-11,River Sand,Per Cubic Meter,1570.84,1569.81
2025-03-11,Aggregates (20mm),Per Cubic Meter,1300.29,1286.58
2025-03-12,Cement (OPC 53 Grade),Per 50kg Bag,374.53,375.23
2025-03-12,Steel (TMT Fe550),Per Ton,56951.18,57284.27
2025-03-12,River Sand,Per Cubic Meter,1549.69,1568.65
2025-03-12,Aggregates (20mm),Per Cubic Meter,1290.94,1291.76
2025-03-13,Cement (OPC 53 Grade),Per 50kg Bag,378.26,375.23
2025-03-13,Steel (TMT Fe550),Per Ton,57300.72,57199.17
2025-03-13,River Sand,Per Cubic Meter,1603.93,1576.79
2025-03-13,Aggregates (20mm),Per Cubic Meter,1257.85,1286.5
2025-03-14,Cement (OPC 53 Grade),Per 50kg Bag,377.5,375.83
2025-03-14,Steel (TMT Fe550),Per Ton,57247.96,57213.74
2025-03-14,River Sand,Per Cubic Meter,1575.18,1577.95
2025-03-14,Aggregates (20mm),Per Cubic Meter,1293.14,1290.2
2025-03-15,Cement (OPC 53 Grade),Per 50kg Bag,375.17,375.72
2025-03-15,Steel (TMT Fe550),Per Ton,57573.02,57284.19
2025-03-15,River Sand,Per Cubic Meter,1615.24,1581.76
2025-03-15,Aggregates (20mm),Per Cubic Meter,1281.77,1289.8
2025-03-16,Cement (OPC 53 Grade),Per 50kg Bag,381.15,376.56
2025-03-16,Steel (TMT Fe550),Per Ton,57374.3,57322.94
2025-03-16,River Sand,Per Cubic Meter,1605.49,1586.81
2025-03-16,Aggregates (20mm),Per Cubic Meter,1323.25,1292.86
2025-03-17,Cement (OPC 53 Grade),Per 50kg Bag,370.45,375.46
2025-03-17,Steel (TMT Fe550),Per Ton,57534.98,57380.98
2025-03-17,River Sand,Per Cubic Meter,1607.96,1589.76
2025-03-17,Aggregates (20mm),Per Cubic Meter,1291.47,1291.24
2025-03-18,Cement (OPC 53 Grade),Per 50kg Bag,380.26,376.76
2025-03-18,Steel (TMT Fe550),Per Ton,57649.08,57375.89
2025-03-18,River Sand,Per Cubic Meter,1597.89,1593.63
2025-03-18,Aggregates (20mm),Per Cubic Meter,1293.53,1290.28
2025-03-19,Cement (OPC 53 Grade),Per 50kg Bag,383.24,378.0
2025-03-19,Steel (TMT Fe550),Per Ton,57985.05,57523.59
2025-03-19,River Sand,Per Cubic Meter,1605.13,1601.55
2025-03-19,Aggregates (20mm),Per Cubic Meter,1289.53,1290.08
2025-03-20,Cement (OPC 53 Grade),Per 50kg Bag,378.05,377.97
2025-03-20,Steel (TMT Fe550),Per Ton,57805.93,57595.76
2025-03-20,River Sand,Per Cubic Meter,1607.83,1602.1
2025-03-20,Aggregates (20mm),Per Cubic Meter,1290.46,1294.74
2025-03-21,Cement (OPC 53 Grade),Per 50kg Bag,380.97,378.47
2025-03-21,Steel (TMT Fe550),Per Ton,58691.8,57802.02
2025-03-21,River Sand,Per Cubic Meter,1620.33,1608.55
2025-03-21,Aggregates (20mm),Per Cubic Meter,1293.48,1294.78
2025-03-22,Cement (OPC 53 Grade),Per 50kg Bag,384.33,379.78
2025-03-22,Steel (TMT Fe550),Per Ton,57913.86,57850.71
2025-03-22,River Sand,Per Cubic Meter,1553.82,1599.78
2025-03-22,Aggregates (20mm),Per Cubic Meter,1280.96,1294.67
2025-03-23,Cement (OPC 53 Grade),Per 50kg Bag,374.42,378.82
2025-03-23,Steel (TMT Fe550),Per Ton,57982.58,57937.61
2025-03-23,River Sand,Per Cubic Meter,1603.18,1599.45
2025-03-23,Aggregates (20mm),Per Cubic Meter,1335.76,1296.46
2025-03-24,Cement (OPC 53 Grade),Per 50kg Bag,382.07,380.48
2025-03-24,Steel (TMT Fe550),Per Ton,58076.56,58014.98
2025-03-24,River Sand,Per Cubic Meter,1623.48,1601.67
2025-03-24,Aggregates (20mm),Per Cubic Meter,1259.13,1291.84
2025-03-25,Cement (OPC 53 Grade),Per 50kg Bag,382.09,380.74
2025-03-25,Steel (TMT Fe550),Per Ton,58456.35,58130.3
2025-03-25,River Sand,Per Cubic Meter,1571.0,1597.82
2025-03-25,Aggregates (20mm),Per Cubic Meter,1327.34,1296.67
2025-03-26,Cement (OPC 53 Grade),Per 50kg Bag,382.76,380.67
2025-03-26,Steel (TMT Fe550),Per Ton,58110.7,58148.25
2025-03-26,River Sand,Per Cubic Meter,1621.64,1600.18
2025-03-26,Aggregates (20mm),Per Cubic Meter,1351.0,1305.45
2025-03-27,Cement (OPC 53 Grade),Per 50kg Bag,382.56,381.31
2025-03-27,Steel (TMT Fe550),Per Ton,58381.53,58230.48
2025-03-27,River Sand,Per Cubic Meter,1597.52,1598.71
2025-03-27,Aggregates (20mm),Per Cubic Meter,1289.7,1305.34
2025-03-28,Cement (OPC 53 Grade),Per 50kg Bag,385.05,381.9
2025-03-28,Steel (TMT Fe550),Per Ton,58063.0,58140.65
2025-03-28,River Sand,Per Cubic Meter,1611.28,1597.42
2025-03-28,Aggregates (20mm),Per Cubic Meter,1298.26,1306.02
2025-03-29,Cement (OPC 53 Grade),Per 50kg Bag,384.2,381.88
2025-03-29,Steel (TMT Fe550),Per Ton,58509.06,58225.68
2025-03-29,River Sand,Per Cubic Meter,1635.18,1609.04
2025-03-29,Aggregates (20mm),Per Cubic Meter,1298.72,1308.56
2025-03-30,Cement (OPC 53 Grade),Per 50kg Bag,382.03,382.97
2025-03-30,Steel (TMT Fe550),Per Ton,58120.94,58245.45
2025-03-30,River Sand,Per Cubic Meter,1601.97,1608.87
2025-03-30,Aggregates (20mm),Per Cubic Meter,1317.57,1305.96
2025-03-31,Cement (OPC 53 Grade),Per 50kg Bag,385.78,383.5
2025-03-31,Steel (TMT Fe550),Per Ton,58189.03,58261.52
2025-03-31,River Sand,Per Cubic Meter,1633.98,1610.37
2025-03-31,Aggregates (20mm),Per Cubic Meter,1338.24,1317.26
2025-04-01,Cement (OPC 53 Grade),Per 50kg Bag,384.95,383.9
2025-04-01,Steel (TMT Fe550),Per Ton,59171.09,58363.62
2025-04-01,River Sand,Per Cubic Meter,1596.99,1614.08
2025-04-01,Aggregates (20mm),Per Cubic Meter,1287.33,1311.55
2025-04-02,Cement (OPC 53 Grade),Per 50kg Bag,377.97,383.22
2025-04-02,Steel (TMT Fe550),Per Ton,59093.08,58503.96
2025-04-02,River Sand,Per Cubic Meter,1631.67,1615.51
2025-04-02,Aggregates (20mm),Per Cubic Meter,1312.21,1306.0
2025-04-03,Cement (OPC 53 Grade),Per 50kg Bag,385.15,383.59
2025-04-03,Steel (TMT Fe550),Per Ton,58267.98,58487.74
2025-04-03,River Sand,Per Cubic Meter,1674.81,1626.55
2025-04-03,Aggregates (20mm),Per Cubic Meter,1317.0,1309.9
2025-04-04,Cement (OPC 53 Grade),Per 50kg Bag,384.9,383.57
2025-04-04,Steel (TMT Fe550),Per Ton,58933.61,58612.11
2025-04-04,River Sand,Per Cubic Meter,1630.3,1629.27
2025-04-04,Aggregates (20mm),Per Cubic Meter,1319.98,1313.01
2025-04-05,Cement (OPC 53 Grade),Per 50kg Bag,382.21,383.28
2025-04-05,Steel (TMT Fe550),Per Ton,58897.19,58667.56
2025-04-05,River Sand,Per Cubic Meter,1664.33,1633.44
2025-04-05,Aggregates (20mm),Per Cubic Meter,1343.5,1319.4
2025-04-06,Cement (OPC 53 Grade),Per 50kg Bag,390.47,384.49
2025-04-06,Steel (TMT Fe550),Per Ton,58617.75,58738.53
2025-04-06,River Sand,Per Cubic Meter,1598.65,1632.96
2025-04-06,Aggregates (20mm),Per Cubic Meter,1315.15,1319.06
2025-04-07,Cement (OPC 53 Grade),Per 50kg Bag,385.66,384.47
2025-04-07,Steel (TMT Fe550),Per Ton,59200.77,58883.07
2025-04-07,River Sand,Per Cubic Meter,1583.57,1625.76
2025-04-07,Aggregates (20mm),Per Cubic Meter,1349.33,1320.64
2025-04-08,Cement (OPC 53 Grade),Per 50kg Bag,385.26,384.52
2025-04-08,Steel (TMT Fe550),Per Ton,58741.39,58821.68
2025-04-08,River Sand,Per Cubic Meter,1600.76,1626.3
2025-04-08,Aggregates (20mm),Per Cubic Meter,1286.71,1320.55
2025-04-09,Cement (OPC 53 Grade),Per 50kg Bag,388.84,386.07
2025-04-09,Steel (TMT Fe550),Per Ton,58955.51,58802.03
2025-04-09,River Sand,Per Cubic Meter,1595.59,1621.14
2025-04-09,Aggregates (20mm),Per Cubic Meter,1294.97,1318.09
2025-04-10,Cement (OPC 53 Grade),Per 50kg Bag,385.29,386.09
2025-04-10,Steel (TMT Fe550),Per Ton,59534.51,58982.96
2025-04-10,River Sand,Per Cubic Meter,1620.93,1613.45
2025-04-10,Aggregates (20mm),Per Cubic Meter,1291.86,1314.5
2025-04-11,Cement (OPC 53 Grade),Per 50kg Bag,385.9,386.23
2025-04-11,Steel (TMT Fe550),Per Ton,58934.08,58983.03
2025-04-11,River Sand,Per Cubic Meter,1565.35,1604.17
2025-04-11,Aggregates (20mm),Per Cubic Meter,1321.89,1314.77
2025-04-12,Cement (OPC 53 Grade),Per 50kg Bag,386.25,386.81
2025-04-12,Steel (TMT Fe550),Per Ton,59303.57,59041.08
2025-04-12,River Sand,Per Cubic Meter,1672.7,1605.36
2025-04-12,Aggregates (20mm),Per Cubic Meter,1346.55,1315.21
2025-04-13,Cement (OPC 53 Grade),Per 50kg Bag,386.43,386.23
2025-04-13,Steel (TMT Fe550),Per Ton,58748.86,59059.81
2025-04-13,River Sand,Per Cubic Meter,1690.88,1618.54
2025-04-13,Aggregates (20mm),Per Cubic Meter,1326.24,1316.79
2025-04-14,Cement (OPC 53 Grade),Per 50kg Bag,387.67,386.52
2025-04-14,Steel (TMT Fe550),Per Ton,59155.52,59053.35
2025-04-14,River Sand,Per Cubic Meter,1636.72,1626.13
2025-04-14,Aggregates (20mm),Per Cubic Meter,1323.19,1313.06
2025-04-15,Cement (OPC 53 Grade),Per 50kg Bag,386.01,386.63
2025-04-15,Steel (TMT Fe550),Per Ton,59026.8,59094.12
2025-04-15,River Sand,Per Cubic Meter,1632.59,1630.68
2025-04-15,Aggregates (20mm),Per Cubic Meter,1316.23,1317.28
2025-04-16,Cement (OPC 53 Grade),Per 50kg Bag,385.84,386.2
2025-04-16,Steel (TMT Fe550),Per Ton,59289.73,59141.87
2025-04-16,River Sand,Per Cubic Meter,1628.65,1635.4
2025-04-16,Aggregates (20mm),Per Cubic Meter,1358.19,1326.31
2025-04-17,Cement (OPC 53 Grade),Per 50kg Bag,379.67,385.4
2025-04-17,Steel (TMT Fe550),Per Ton,59662.88,59160.21
2025-04-17,River Sand,Per Cubic Meter,1664.91,1641.69
2025-04-17,Aggregates (20mm),Per Cubic Meter,1287.65,1325.71
2025-04-18,Cement (OPC 53 Grade),Per 50kg Bag,387.66,385.65
2025-04-18,Steel (TMT Fe550),Per Ton,59219.63,59201.0
2025-04-18,River Sand,Per Cubic Meter,1604.22,1647.24
2025-04-18,Aggregates (20mm),Per Cubic Meter,1314.56,1324.66
2025-04-19,Cement (OPC 53 Grade),Per 50kg Bag,385.39,385.52
2025-04-19,Steel (TMT Fe550),Per Ton,59971.55,59296.42
2025-04-19,River Sand,Per Cubic Meter,1660.11,1645.44
2025-04-19,Aggregates (20mm),Per Cubic Meter,1356.53,1326.08
2025-04-20,Cement (OPC 53 Grade),Per 50kg Bag,391.78,386.29
2025-04-20,Steel (TMT Fe550),Per Ton,59054.71,59340.12
2025-04-20,River Sand,Per Cubic Meter,1627.24,1636.35
2025-04-20,Aggregates (20mm),Per Cubic Meter,1341.86,1328.32
2025-04-21,Cement (OPC 53 Grade),Per 50kg Bag,385.59,385.99
2025-04-21,Steel (TMT Fe550),Per Ton,59711.9,59419.6
2025-04-21,River Sand,Per Cubic Meter,1635.06,1636.11
2025-04-21,Aggregates (20mm),Per Cubic Meter,1325.55,1328.65
2025-04-22,Cement (OPC 53 Grade),Per 50kg Bag,392.31,386.89
2025-04-22,Steel (TMT Fe550),Per Ton,59665.06,59510.78
2025-04-22,River Sand,Per Cubic Meter,1633.43,1636.23
2025-04-22,Aggregates (20mm),Per Cubic Meter,1357.19,1334.5
2025-04-23,Cement (OPC 53 Grade),Per 50kg Bag,386.61,387.0
2025-04-23,Steel (TMT Fe550),Per Ton,59764.58,59578.62
2025-04-23,River Sand,Per Cubic Meter,1656.85,1640.26
2025-04-23,Aggregates (20mm),Per Cubic Meter,1328.76,1330.3
2025-04-24,Cement (OPC 53 Grade),Per 50kg Bag,391.58,388.7
2025-04-24,Steel (TMT Fe550),Per Ton,59184.06,59510.21
2025-04-24,River Sand,Per Cubic Meter,1665.73,1640.38
2025-04-24,Aggregates (20mm),Per Cubic Meter,1332.19,1336.66
2025-04-25,Cement (OPC 53 Grade),Per 50kg Bag,389.02,388.9
2025-04-25,Steel (TMT Fe550),Per Ton,59992.12,59620.57
2025-04-25,River Sand,Per Cubic Meter,1628.87,1643.9
2025-04-25,Aggregates (20mm),Per Cubic Meter,1308.64,1335.82
2025-04-26,Cement (OPC 53 Grade),Per 50kg Bag,385.84,388.96
2025-04-26,Steel (TMT Fe550),Per Ton,59885.32,59608.25
2025-04-26,River Sand,Per Cubic Meter,1616.56,1637.68
2025-04-26,Aggregates (20mm),Per Cubic Meter,1372.83,1338.15
2025-04-27,Cement (OPC 53 Grade),Per 50kg Bag,384.35,387.9
2025-04-27,Steel (TMT Fe550),Per Ton,60289.18,59784.6
2025-04-27,River Sand,Per Cubic Meter,1652.47,1641.28
2025-04-27,Aggregates (20mm),Per Cubic Meter,1336.7,1337.41
2025-04-28,Cement (OPC 53 Grade),Per 50kg Bag,389.74,388.49
2025-04-28,Steel (TMT Fe550),Per Ton,59896.6,59810.99
2025-04-28,River Sand,Per Cubic Meter,1647.77,1643.1
2025-04-28,Aggregates (20mm),Per Cubic Meter,1361.59,1342.56
2025-04-29,Cement (OPC 53 Grade),Per 50kg Bag,392.19,388.48
2025-04-29,Steel (TMT Fe550),Per Ton,59852.99,59837.84
2025-04-29,River Sand,Per Cubic Meter,1641.25,1644.21
2025-04-29,Aggregates (20mm),Per Cubic Meter,1339.27,1340.0
2025-04-30,Cement (OPC 53 Grade),Per 50kg Bag,393.09,389.4
2025-04-30,Steel (TMT Fe550),Per Ton,59271.64,59767.42
2025-04-30,River Sand,Per Cubic Meter,1619.35,1638.86
2025-04-30,Aggregates (20mm),Per Cubic Meter,1356.14,1343.91
2025-05-01,Cement (OPC 53 Grade),Per 50kg Bag,392.89,389.59
2025-05-01,Steel (TMT Fe550),Per Ton,59818.63,59858.07
2025-05-01,River Sand,Per Cubic Meter,1652.29,1636.94
2025-05-01,Aggregates (20mm),Per Cubic Meter,1349.09,1346.32
2025-05-02,Cement (OPC 53 Grade),Per 50kg Bag,390.76,389.84
2025-05-02,Steel (TMT Fe550),Per Ton,59658.23,59810.37
2025-05-02,River Sand,Per Cubic Meter,1657.47,1641.02
2025-05-02,Aggregates (20mm),Per Cubic Meter,1323.41,1348.43
2025-05-03,Cement (OPC 53 Grade),Per 50kg Bag,394.17,391.03
2025-05-03,Steel (TMT Fe550),Per Ton,59387.27,59739.22
2025-05-03,River Sand,Per Cubic Meter,1677.94,1649.79
2025-05-03,Aggregates (20mm),Per Cubic Meter,1353.27,1345.64
2025-05-04,Cement (OPC 53 Grade),Per 50kg Bag,393.9,392.39
2025-05-04,Steel (TMT Fe550),Per Ton,60318.92,59743.47
2025-05-04,River Sand,Per Cubic Meter,1693.8,1655.7
2025-05-04,Aggregates (20mm),Per Cubic Meter,1364.92,1349.67
2025-05-05,Cement (OPC 53 Grade),Per 50kg Bag,387.15,392.02
2025-05-05,Steel (TMT Fe550),Per Ton,59600.8,59701.21
2025-05-05,River Sand,Per Cubic Meter,1641.35,1654.78
2025-05-05,Aggregates (20mm),Per Cubic Meter,1345.96,1347.44
2025-05-06,Cement (OPC 53 Grade),Per 50kg Bag,395.24,392.46
2025-05-06,Steel (TMT Fe550),Per Ton,59820.79,59696.61
2025-05-06,River Sand,Per Cubic Meter,1661.26,1657.64
2025-05-06,Aggregates (20mm),Per Cubic Meter,1331.13,1346.27
2025-05-07,Cement (OPC 53 Grade),Per 50kg Bag,391.7,392.26
2025-05-07,Steel (TMT Fe550),Per Ton,59628.57,59747.6
2025-05-07,River Sand,Per Cubic Meter,1636.32,1660.06
2025-05-07,Aggregates (20mm),Per Cubic Meter,1319.98,1341.11
2025-05-08,Cement (OPC 53 Grade),Per 50kg Bag,390.71,391.95
2025-05-08,Steel (TMT Fe550),Per Ton,60482.81,59842.48
2025-05-08,River Sand,Per Cubic Meter,1636.65,1657.83
2025-05-08,Aggregates (20mm),Per Cubic Meter,1400.42,1348.44
2025-05-09,Cement (OPC 53 Grade),Per 50kg Bag,395.83,392.67
2025-05-09,Steel (TMT Fe550),Per Ton,60226.72,59923.7
2025-05-09,River Sand,Per Cubic Meter,1639.7,1655.29
2025-05-09,Aggregates (20mm),Per Cubic Meter,1362.53,1354.03
2025-05-10,Cement (OPC 53 Grade),Per 50kg Bag,392.48,392.43
2025-05-10,Steel (TMT Fe550),Per Ton,60238.64,60045.32
2025-05-10,River Sand,Per Cubic Meter,1720.37,1661.35
2025-05-10,Aggregates (20mm),Per Cubic Meter,1347.34,1353.18
2025-05-11,Cement (OPC 53 Grade),Per 50kg Bag,398.44,393.08
2025-05-11,Steel (TMT Fe550),Per Ton,59995.8,59999.16
2025-05-11,River Sand,Per Cubic Meter,1660.71,1656.62
2025-05-11,Aggregates (20mm),Per Cubic Meter,1385.4,1356.11
2025-05-12,Cement (OPC 53 Grade),Per 50kg Bag,392.73,393.88
2025-05-12,Steel (TMT Fe550),Per Ton,60865.9,60179.89
2025-05-12,River Sand,Per Cubic Meter,1678.91,1661.99
2025-05-12,Aggregates (20mm),Per Cubic Meter,1339.44,1355.18
2025-05-13,Cement (OPC 53 Grade),Per 50kg Bag,397.13,394.15
2025-05-13,Steel (TMT Fe550),Per Ton,60616.82,60293.61
2025-05-13,River Sand,Per Cubic Meter,1677.75,1664.34
2025-05-13,Aggregates (20mm),Per Cubic Meter,1319.98,1353.58
2025-05-14,Cement (OPC 53 Grade),Per 50kg Bag,392.79,394.3
2025-05-14,Steel (TMT Fe550),Per Ton,60240.34,60381.0
2025-05-14,River Sand,Per Cubic Meter,1662.34,1668.06
2025-05-14,Aggregates (20mm),Per Cubic Meter,1364.48,1359.94
2025-05-15,Cement (OPC 53 Grade),Per 50kg Bag,396.0,395.06
2025-05-15,Steel (TMT Fe550),Per Ton,59907.25,60298.78
2025-05-15,River Sand,Per Cubic Meter,1673.76,1673.36
2025-05-15,Aggregates (20mm),Per Cubic Meter,1364.94,1354.87
2025-05-16,Cement (OPC 53 Grade),Per 50kg Bag,397.47,395.29
2025-05-16,Steel (TMT Fe550),Per Ton,60741.45,60372.31
2025-05-16,River Sand,Per Cubic Meter,1685.15,1679.86
2025-05-16,Aggregates (20mm),Per Cubic Meter,1362.56,1354.88
2025-05-17,Cement (OPC 53 Grade),Per 50kg Bag,395.55,395.73
2025-05-17,Steel (TMT Fe550),Per Ton,59855.66,60317.6
2025-05-17,River Sand,Per Cubic Meter,1676.49,1673.59
2025-05-17,Aggregates (20mm),Per Cubic Meter,1358.16,1356.42
2025-05-18,Cement (OPC 53 Grade),Per 50kg Bag,396.87,395.51
2025-05-18,Steel (TMT Fe550),Per Ton,60011.14,60319.79
2025-05-18,River Sand,Per Cubic Meter,1642.0,1670.91
2025-05-18,Aggregates (20mm),Per Cubic Meter,1375.68,1355.03
2025-05-19,Cement (OPC 53 Grade),Per 50kg Bag,396.01,395.97
2025-05-19,Steel (TMT Fe550),Per Ton,60690.57,60294.75
2025-05-19,River Sand,Per Cubic Meter,1668.62,1669.44
2025-05-19,Aggregates (20mm),Per Cubic Meter,1355.81,1357.37
2025-05-20,Cement (OPC 53 Grade),Per 50kg Bag,399.44,396.3
2025-05-20,Steel (TMT Fe550),Per Ton,60317.35,60251.97
2025-05-20,River Sand,Per Cubic Meter,1670.91,1668.47
2025-05-20,Aggregates (20mm),Per Cubic Meter,1346.55,1361.17
2025-05-21,Cement (OPC 53 Grade),Per 50kg Bag,395.03,396.62
2025-05-21,Steel (TMT Fe550),Per Ton,60411.53,60276.42
2025-05-21,River Sand,Per Cubic Meter,1674.55,1670.21
2025-05-21,Aggregates (20mm),Per Cubic Meter,1346.79,1358.64
2025-05-22,Cement (OPC 53 Grade),Per 50kg Bag,400.82,397.31
2025-05-22,Steel (TMT Fe550),Per Ton,60240.86,60324.08
2025-05-22,River Sand,Per Cubic Meter,1665.68,1669.06
2025-05-22,Aggregates (20mm),Per Cubic Meter,1348.12,1356.24
2025-05-23,Cement (OPC 53 Grade),Per 50kg Bag,401.61,397.9
2025-05-23,Steel (TMT Fe550),Per Ton,60628.31,60307.92
2025-05-23,River Sand,Per Cubic Meter,1694.77,1670.43
2025-05-23,Aggregates (20mm),Per Cubic Meter,1327.73,1351.26
2025-05-24,Cement (OPC 53 Grade),Per 50kg Bag,397.83,398.23
2025-05-24,Steel (TMT Fe550),Per Ton,60882.3,60454.58
2025-05-24,River Sand,Per Cubic Meter,1673.25,1669.97
2025-05-24,Aggregates (20mm),Per Cubic Meter,1379.27,1354.28
2025-05-25,Cement (OPC 53 Grade),Per 50kg Bag,395.36,398.01
2025-05-25,Steel (TMT Fe550),Per Ton,61077.74,60606.95
2025-05-25,River Sand,Per Cubic Meter,1725.58,1681.91
2025-05-25,Aggregates (20mm),Per Cubic Meter,1351.2,1350.78
2025-05-26,Cement (OPC 53 Grade),Per 50kg Bag,395.74,397.98
2025-05-26,Steel (TMT Fe550),Per Ton,61113.85,60667.42
2025-05-26,River Sand,Per Cubic Meter,1709.39,1687.73
2025-05-26,Aggregates (20mm),Per Cubic Meter,1348.48,1349.73
2025-05-27,Cement (OPC 53 Grade),Per 50kg Bag,395.96,397.48
2025-05-27,Steel (TMT Fe550),Per Ton,60556.11,60701.53
2025-05-27,River Sand,Per Cubic Meter,1641.73,1683.56
2025-05-27,Aggregates (20mm),Per Cubic Meter,1341.02,1348.94
2025-05-28,Cement (OPC 53 Grade),Per 50kg Bag,394.15,397.35
2025-05-28,Steel (TMT Fe550),Per Ton,60413.98,60701.88
2025-05-28,River Sand,Per Cubic Meter,1672.84,1683.32
2025-05-28,Aggregates (20mm),Per Cubic Meter,1364.53,1351.48
2025-05-29,Cement (OPC 53 Grade),Per 50kg Bag,402.79,397.63
2025-05-29,Steel (TMT Fe550),Per Ton,60356.2,60718.36
2025-05-29,River Sand,Per Cubic Meter,1697.15,1687.82
2025-05-29,Aggregates (20mm),Per Cubic Meter,1355.99,1352.6
2025-05-30,Cement (OPC 53 Grade),Per 50kg Bag,397.57,397.06
2025-05-30,Steel (TMT Fe550),Per Ton,60932.21,60761.77
2025-05-30,River Sand,Per Cubic Meter,1648.49,1681.2
2025-05-30,Aggregates (20mm),Per Cubic Meter,1368.33,1358.4
2025-05-31,Cement (OPC 53 Grade),Per 50kg Bag,398.41,397.14
2025-05-31,Steel (TMT Fe550),Per Ton,60888.9,60762.71
2025-05-31,River Sand,Per Cubic Meter,1681.91,1682.44
2025-05-31,Aggregates (20mm),Per Cubic Meter,1410.18,1362.82
2025-06-01,Cement (OPC 53 Grade),Per 50kg Bag,395.84,397.21
2025-06-01,Steel (TMT Fe550),Per Ton,60564.43,60689.38
2025-06-01,River Sand,Per Cubic Meter,1661.09,1673.23
2025-06-01,Aggregates (20mm),Per Cubic Meter,1350.34,1362.7
2025-06-02,Cement (OPC 53 Grade),Per 50kg Bag,395.94,397.24
2025-06-02,Steel (TMT Fe550),Per Ton,61153.63,60695.07
2025-06-02,River Sand,Per Cubic Meter,1709.21,1673.2
2025-06-02,Aggregates (20mm),Per Cubic Meter,1350.39,1362.97
2025-06-03,Cement (OPC 53 Grade),Per 50kg Bag,395.39,397.16
2025-06-03,Steel (TMT Fe550),Per Ton,60929.48,60748.4
2025-06-03,River Sand,Per Cubic Meter,1663.59,1676.33
2025-06-03,Aggregates (20mm),Per Cubic Meter,1374.8,1367.79
2025-06-04,Cement (OPC 53 Grade),Per 50kg Bag,398.93,397.84
2025-06-04,Steel (TMT Fe550),Per Ton,60281.32,60729.45
2025-06-04,River Sand,Per Cubic Meter,1712.98,1682.06
2025-06-04,Aggregates (20mm),Per Cubic Meter,1398.38,1372.63
2025-06-05,Cement (OPC 53 Grade),Per 50kg Bag,396.3,396.91
2025-06-05,Steel (TMT Fe550),Per Ton,60670.74,60774.39
2025-06-05,River Sand,Per Cubic Meter,1683.91,1680.17
2025-06-05,Aggregates (20mm),Per Cubic Meter,1369.45,1374.55
2025-06-06,Cement (OPC 53 Grade),Per 50kg Bag,400.62,397.35
2025-06-06,Steel (TMT Fe550),Per Ton,61482.61,60853.02
2025-06-06,River Sand,Per Cubic Meter,1673.46,1683.74
2025-06-06,Aggregates (20mm),Per Cubic Meter,1347.07,1371.52
2025-06-07,Cement (OPC 53 Grade),Per 50kg Bag,393.91,396.7
2025-06-07,Steel (TMT Fe550),Per Ton,60580.64,60808.98
2025-06-07,River Sand,Per Cubic Meter,1677.14,1683.05
2025-06-07,Aggregates (20mm),Per Cubic Meter,1399.19,1369.95
2025-06-08,Cement (OPC 53 Grade),Per 50kg Bag,396.85,396.85
2025-06-08,Steel (TMT Fe550),Per Ton,60909.79,60858.32
2025-06-08,River Sand,Per Cubic Meter,1677.83,1685.45
2025-06-08,Aggregates (20mm),Per Cubic Meter,1387.32,1375.23
2025-06-09,Cement (OPC 53 Grade),Per 50kg Bag,407.06,398.44
2025-06-09,Steel (TMT Fe550),Per Ton,60668.31,60788.98
2025-06-09,River Sand,Per Cubic Meter,1667.07,1679.43
2025-06-09,Aggregates (20mm),Per Cubic Meter,1384.66,1380.12
2025-06-10,Cement (OPC 53 Grade),Per 50kg Bag,400.97,399.23
2025-06-10,Steel (TMT Fe550),Per Ton,61470.06,60866.21
2025-06-10,River Sand,Per Cubic Meter,1692.37,1683.54
2025-06-10,Aggregates (20mm),Per Cubic Meter,1356.79,1377.55
2025-06-11,Cement (OPC 53 Grade),Per 50kg Bag,400.73,399.49
2025-06-11,Steel (TMT Fe550),Per Ton,61232.44,61002.08
2025-06-11,River Sand,Per Cubic Meter,1698.12,1681.41
2025-06-11,Aggregates (20mm),Per Cubic Meter,1374.31,1374.11
2025-06-12,Cement (OPC 53 Grade),Per 50kg Bag,402.36,400.36
2025-06-12,Steel (TMT Fe550),Per Ton,61260.17,61086.29
2025-06-12,River Sand,Per Cubic Meter,1711.43,1685.35
2025-06-12,Aggregates (20mm),Per Cubic Meter,1377.31,1375.24
2025-06-13,Cement (OPC 53 Grade),Per 50kg Bag,398.29,400.02
2025-06-13,Steel (TMT Fe550),Per Ton,60925.99,61006.77
2025-06-13,River Sand,Per Cubic Meter,1707.52,1690.21
2025-06-13,Aggregates (20mm),Per Cubic Meter,1348.15,1375.39
2025-06-14,Cement (OPC 53 Grade),Per 50kg Bag,400.12,400.91
2025-06-14,Steel (TMT Fe550),Per Ton,60751.81,61031.22
2025-06-14,River Sand,Per Cubic Meter,1680.2,1690.65
2025-06-14,Aggregates (20mm),Per Cubic Meter,1390.19,1374.1
2025-06-15,Cement (OPC 53 Grade),Per 50kg Bag,399.56,401.3
2025-06-15,Steel (TMT Fe550),Per Ton,60903.38,61030.31
2025-06-15,River Sand,Per Cubic Meter,1647.94,1686.38
2025-06-15,Aggregates (20mm),Per Cubic Meter,1379.65,1373.01
2025-06-16,Cement (OPC 53 Grade),Per 50kg Bag,401.1,400.45
2025-06-16,Steel (TMT Fe550),Per Ton,61613.11,61165.28
2025-06-16,River Sand,Per Cubic Meter,1672.6,1687.17
2025-06-16,Aggregates (20mm),Per Cubic Meter,1369.2,1370.8
2025-06-17,Cement (OPC 53 Grade),Per 50kg Bag,399.8,400.28
2025-06-17,Steel (TMT Fe550),Per Ton,61421.11,61158.29
2025-06-17,River Sand,Per Cubic Meter,1677.65,1685.07
2025-06-17,Aggregates (20mm),Per Cubic Meter,1370.47,1372.75
2025-06-18,Cement (OPC 53 Grade),Per 50kg Bag,401.01,400.32
2025-06-18,Steel (TMT Fe550),Per Ton,60959.91,61119.35
2025-06-18,River Sand,Per Cubic Meter,1669.52,1680.98
2025-06-18,Aggregates (20mm),Per Cubic Meter,1368.83,1371.97
2025-06-19,Cement (OPC 53 Grade),Per 50kg Bag,402.57,400.35
2025-06-19,Steel (TMT Fe550),Per Ton,60557.09,61018.91
2025-06-19,River Sand,Per Cubic Meter,1683.08,1676.93
2025-06-19,Aggregates (20mm),Per Cubic Meter,1350.98,1368.21
2025-06-20,Cement (OPC 53 Grade),Per 50kg Bag,402.98,401.02
2025-06-20,Steel (TMT Fe550),Per Ton,60392.23,60942.66
2025-06-20,River Sand,Per Cubic Meter,1666.96,1671.14
2025-06-20,Aggregates (20mm),Per Cubic Meter,1372.54,1371.69
2025-06-21,Cement (OPC 53 Grade),Per 50kg Bag,404.22,401.61
2025-06-21,Steel (TMT Fe550),Per Ton,60877.88,60960.67
2025-06-21,River Sand,Per Cubic Meter,1667.04,1669.26
2025-06-21,Aggregates (20mm),Per Cubic Meter,1402.62,1373.47
2025-06-22,Cement (OPC 53 Grade),Per 50kg Bag,394.17,400.84
2025-06-22,Steel (TMT Fe550),Per Ton,60165.84,60855.31
2025-06-22,River Sand,Per Cubic Meter,1690.23,1675.3
2025-06-22,Aggregates (20mm),Per Cubic Meter,1354.93,1369.94
2025-06-23,Cement (OPC 53 Grade),Per 50kg Bag,395.58,400.05
2025-06-23,Steel (TMT Fe550),Per Ton,61133.02,60786.73
2025-06-23,River Sand,Per Cubic Meter,1685.6,1677.15
2025-06-23,Aggregates (20mm),Per Cubic Meter,1353.65,1367.72
2025-06-24,Cement (OPC 53 Grade),Per 50kg Bag,394.69,399.32
2025-06-24,Steel (TMT Fe550),Per Ton,61184.99,60752.99
2025-06-24,River Sand,Per Cubic Meter,1695.01,1679.63
2025-06-24,Aggregates (20mm),Per Cubic Meter,1362.89,1366.63
2025-06-25,Cement (OPC 53 Grade),Per 50kg Bag,405.09,399.9
2025-06-25,Steel (TMT Fe550),Per Ton,60533.88,60692.13
2025-06-25,River Sand,Per Cubic Meter,1644.14,1676.01
2025-06-25,Aggregates (20mm),Per Cubic Meter,1350.95,1364.08
2025-06-26,Cement (OPC 53 Grade),Per 50kg Bag,398.76,399.36
2025-06-26,Steel (TMT Fe550),Per Ton,60967.24,60750.73
2025-06-26,River Sand,Per Cubic Meter,1673.99,1674.71
2025-06-26,Aggregates (20mm),Per Cubic Meter,1371.73,1367.04
2025-06-27,Cement (OPC 53 Grade),Per 50kg Bag,394.7,398.17
2025-06-27,Steel (TMT Fe550),Per Ton,61362.09,60889.28
2025-06-27,River Sand,Per Cubic Meter,1677.55,1676.22
2025-06-27,Aggregates (20mm),Per Cubic Meter,1386.92,1369.1
2025-06-28,Cement (OPC 53 Grade),Per 50kg Bag,399.98,397.57
2025-06-28,Steel (TMT Fe550),Per Ton,61026.93,60910.57
2025-06-28,River Sand,Per Cubic Meter,1692.6,1679.87
2025-06-28,Aggregates (20mm),Per Cubic Meter,1373.39,1364.92
2025-06-29,Cement (OPC 53 Grade),Per 50kg Bag,400.93,398.53
2025-06-29,Steel (TMT Fe550),Per Ton,61310.73,61074.13
2025-06-29,River Sand,Per Cubic Meter,1683.69,1678.94
2025-06-29,Aggregates (20mm),Per Cubic Meter,1378.46,1368.28
2025-06-30,Cement (OPC 53 Grade),Per 50kg Bag,398.44,398.94
2025-06-30,Steel (TMT Fe550),Per Ton,61339.86,61103.67
2025-06-30,River Sand,Per Cubic Meter,1663.11,1675.73
2025-06-30,Aggregates (20mm),Per Cubic Meter,1400.12,1374.92
2025-07-01,Cement (OPC 53 Grade),Per 50kg Bag,398.55,399.49
2025-07-01,Steel (TMT Fe550),Per Ton,60374.2,60987.85
2025-07-01,River Sand,Per Cubic Meter,1681.64,1673.82
2025-07-01,Aggregates (20mm),Per Cubic Meter,1350.28,1373.12
2025-07-02,Cement (OPC 53 Grade),Per 50kg Bag,401.42,398.97
2025-07-02,Steel (TMT Fe550),Per Ton,60624.04,61000.73
2025-07-02,River Sand,Per Cubic Meter,1667.98,1677.22
2025-07-02,Aggregates (20mm),Per Cubic Meter,1325.9,1369.54
2025-07-03,Cement (OPC 53 Grade),Per 50kg Bag,397.04,398.72
2025-07-03,Steel (TMT Fe550),Per Ton,60023.24,60865.87
2025-07-03,River Sand,Per Cubic Meter,1641.14,1672.53
2025-07-03,Aggregates (20mm),Per Cubic Meter,1378.67,1370.53
2025-07-04,Cement (OPC 53 Grade),Per 50kg Bag,401.1,399.64
2025-07-04,Steel (TMT Fe550),Per Ton,60961.8,60808.69
2025-07-04,River Sand,Per Cubic Meter,1655.23,1669.34
2025-07-04,Aggregates (20mm),Per Cubic Meter,1362.25,1367.01
2025-07-05,Cement (OPC 53 Grade),Per 50kg Bag,398.38,399.41
2025-07-05,Steel (TMT Fe550),Per Ton,60421.81,60722.24
2025-07-05,River Sand,Per Cubic Meter,1712.54,1672.19
2025-07-05,Aggregates (20mm),Per Cubic Meter,1380.48,1368.02
2025-07-06,Cement (OPC 53 Grade),Per 50kg Bag,397.58,398.93
2025-07-06,Steel (TMT Fe550),Per Ton,60804.0,60649.85
2025-07-06,River Sand,Per Cubic Meter,1681.97,1671.94
2025-07-06,Aggregates (20mm),Per Cubic Meter,1321.81,1359.93
2025-07-07,Cement (OPC 53 Grade),Per 50kg Bag,397.4,398.78
2025-07-07,Steel (TMT Fe550),Per Ton,60554.0,60537.58
2025-07-07,River Sand,Per Cubic Meter,1653.36,1670.55
2025-07-07,Aggregates (20mm),Per Cubic Meter,1356.72,1353.73
2025-07-08,Cement (OPC 53 Grade),Per 50kg Bag,404.12,399.58
2025-07-08,Steel (TMT Fe550),Per Ton,60980.41,60624.19
2025-07-08,River Sand,Per Cubic Meter,1663.0,1667.89
2025-07-08,Aggregates (20mm),Per Cubic Meter,1373.47,1357.04
2025-07-09,Cement (OPC 53 Grade),Per 50kg Bag,402.69,399.76
2025-07-09,Steel (TMT Fe550),Per Ton,61059.65,60686.42
2025-07-09,River Sand,Per Cubic Meter,1677.29,1669.22
2025-07-09,Aggregates (20mm),Per Cubic Meter,1348.73,1360.3
2025-07-10,Cement (OPC 53 Grade),Per 50kg Bag,400.25,400.22
2025-07-10,Steel (TMT Fe550),Per Ton,60866.43,60806.87
2025-07-10,River Sand,Per Cubic Meter,1696.34,1677.1
2025-07-10,Aggregates (20mm),Per Cubic Meter,1374.01,1359.64
2025-07-11,Cement (OPC 53 Grade),Per 50kg Bag,401.31,400.25
2025-07-11,Steel (TMT Fe550),Per Ton,60539.88,60746.6
2025-07-11,River Sand,Per Cubic Meter,1705.73,1684.32
2025-07-11,Aggregates (20mm),Per Cubic Meter,1364.88,1360.01
2025-07-12,Cement (OPC 53 Grade),Per 50kg Bag,404.61,401.14
2025-07-12,Steel (TMT Fe550),Per Ton,60470.78,60753.59
2025-07-12,River Sand,Per Cubic Meter,1715.0,1684.67
2025-07-12,Aggregates (20mm),Per Cubic Meter,1364.49,1357.73
2025-07-13,Cement (OPC 53 Grade),Per 50kg Bag,395.4,400.83
2025-07-13,Steel (TMT Fe550),Per Ton,60520.63,60713.11
2025-07-13,River Sand,Per Cubic Meter,1666.51,1682.46
2025-07-13,Aggregates (20mm),Per Cubic Meter,1368.6,1364.41
2025-07-14,Cement (OPC 53 Grade),Per 50kg Bag,399.19,401.08
2025-07-14,Steel (TMT Fe550),Per Ton,60471.32,60701.3
2025-07-14,River Sand,Per Cubic Meter,1672.88,1685.25
2025-07-14,Aggregates (20mm),Per Cubic Meter,1402.52,1370.96
2025-07-15,Cement (OPC 53 Grade),Per 50kg Bag,403.07,400.93
2025-07-15,Steel (TMT Fe550),Per Ton,60787.83,60673.79
2025-07-15,River Sand,Per Cubic Meter,1673.78,1686.79
2025-07-15,Aggregates (20mm),Per Cubic Meter,1361.63,1369.27
2025-07-16,Cement (OPC 53 Grade),Per 50kg Bag,399.22,400.44
2025-07-16,Steel (TMT Fe550),Per Ton,60280.51,60562.48
2025-07-16,River Sand,Per Cubic Meter,1666.31,1685.22
2025-07-16,Aggregates (20mm),Per Cubic Meter,1325.38,1365.93
2025-07-17,Cement (OPC 53 Grade),Per 50kg Bag,398.36,400.17
2025-07-17,Steel (TMT Fe550),Per Ton,60815.46,60555.2
2025-07-17,River Sand,Per Cubic Meter,1660.44,1680.09
2025-07-17,Aggregates (20mm),Per Cubic Meter,1389.75,1368.18
2025-07-18,Cement (OPC 53 Grade),Per 50kg Bag,392.8,398.95
2025-07-18,Steel (TMT Fe550),Per Ton,60089.11,60490.81
2025-07-18,River Sand,Per Cubic Meter,1676.33,1675.89
2025-07-18,Aggregates (20mm),Per Cubic Meter,1378.71,1370.15
2025-07-19,Cement (OPC 53 Grade),Per 50kg Bag,402.35,398.63
2025-07-19,Steel (TMT Fe550),Per Ton,60401.02,60480.84
2025-07-19,River Sand,Per Cubic Meter,1695.62,1673.12
2025-07-19,Aggregates (20mm),Per Cubic Meter,1356.47,1369.01
2025-07-20,Cement (OPC 53 Grade),Per 50kg Bag,396.0,398.71
2025-07-20,Steel (TMT Fe550),Per Ton,60824.53,60524.25
2025-07-20,River Sand,Per Cubic Meter,1685.01,1675.77
2025-07-20,Aggregates (20mm),Per Cubic Meter,1325.18,1362.81
2025-07-21,Cement (OPC 53 Grade),Per 50kg Bag,401.34,399.02
2025-07-21,Steel (TMT Fe550),Per Ton,60965.25,60594.82
2025-07-21,River Sand,Per Cubic Meter,1654.51,1673.14
2025-07-21,Aggregates (20mm),Per Cubic Meter,1364.07,1357.31
2025-07-22,Cement (OPC 53 Grade),Per 50kg Bag,397.89,398.28
2025-07-22,Steel (TMT Fe550),Per Ton,60566.61,60563.21
2025-07-22,River Sand,Per Cubic Meter,1655.57,1670.54
2025-07-22,Aggregates (20mm),Per Cubic Meter,1342.15,1354.53
2025-07-23,Cement (OPC 53 Grade),Per 50kg Bag,395.99,397.82
2025-07-23,Steel (TMT Fe550),Per Ton,60844.39,60643.77
2025-07-23,River Sand,Per Cubic Meter,1680.37,1672.55
2025-07-23,Aggregates (20mm),Per Cubic Meter,1347.58,1357.7
2025-07-24,Cement (OPC 53 Grade),Per 50kg Bag,398.47,397.83
2025-07-24,Steel (TMT Fe550),Per Ton,59477.01,60452.56
2025-07-24,River Sand,Per Cubic Meter,1693.74,1677.31
2025-07-24,Aggregates (20mm),Per Cubic Meter,1319.59,1347.68
2025-07-25,Cement (OPC 53 Grade),Per 50kg Bag,394.51,398.08
2025-07-25,Steel (TMT Fe550),Per Ton,60025.63,60443.49
2025-07-25,River Sand,Per Cubic Meter,1635.97,1671.54
2025-07-25,Aggregates (20mm),Per Cubic Meter,1376.98,1347.43
2025-07-26,Cement (OPC 53 Grade),Per 50kg Bag,393.97,396.88
2025-07-26,Steel (TMT Fe550),Per Ton,60485.96,60455.63
2025-07-26,River Sand,Per Cubic Meter,1664.3,1667.07
2025-07-26,Aggregates (20mm),Per Cubic Meter,1362.67,1348.32
2025-07-27,Cement (OPC 53 Grade),Per 50kg Bag,395.6,396.82
2025-07-27,Steel (TMT Fe550),Per Ton,59913.71,60325.51
2025-07-27,River Sand,Per Cubic Meter,1687.84,1667.47
2025-07-27,Aggregates (20mm),Per Cubic Meter,1342.6,1350.81
2025-07-28,Cement (OPC 53 Grade),Per 50kg Bag,389.96,395.2
2025-07-28,Steel (TMT Fe550),Per Ton,60168.89,60211.74
2025-07-28,River Sand,Per Cubic Meter,1698.79,1673.8
2025-07-28,Aggregates (20mm),Per Cubic Meter,1368.82,1351.48
2025-07-29,Cement (OPC 53 Grade),Per 50kg Bag,393.78,394.61
2025-07-29,Steel (TMT Fe550),Per Ton,60164.71,60154.33
2025-07-29,River Sand,Per Cubic Meter,1655.42,1673.78
2025-07-29,Aggregates (20mm),Per Cubic Meter,1392.66,1358.7
2025-07-30,Cement (OPC 53 Grade),Per 50kg Bag,396.01,394.61
2025-07-30,Steel (TMT Fe550),Per Ton,60393.34,60089.89
2025-07-30,River Sand,Per Cubic Meter,1686.11,1674.6
2025-07-30,Aggregates (20mm),Per Cubic Meter,1355.21,1359.79
2025-07-31,Cement (OPC 53 Grade),Per 50kg Bag,393.67,393.93
2025-07-31,Steel (TMT Fe550),Per Ton,60152.74,60186.43
2025-07-31,River Sand,Per Cubic Meter,1659.52,1669.71
2025-07-31,Aggregates (20mm),Per Cubic Meter,1348.97,1363.99
2025-08-01,Cement (OPC 53 Grade),Per 50kg Bag,396.75,394.25
2025-08-01,Steel (TMT Fe550),Per Ton,60203.04,60211.77
2025-08-01,River Sand,Per Cubic Meter,1677.39,1675.62
2025-08-01,Aggregates (20mm),Per Cubic Meter,1347.38,1359.76
2025-08-02,Cement (OPC 53 Grade),Per 50kg Bag,394.37,394.31
2025-08-02,Steel (TMT Fe550),Per Ton,59486.55,60069.0
2025-08-02,River Sand,Per Cubic Meter,1680.76,1677.98
2025-08-02,Aggregates (20mm),Per Cubic Meter,1355.18,1358.69
2025-08-03,Cement (OPC 53 Grade),Per 50kg Bag,397.21,394.54
2025-08-03,Steel (TMT Fe550),Per Ton,59153.45,59960.39
2025-08-03,River Sand,Per Cubic Meter,1707.18,1680.74
2025-08-03,Aggregates (20mm),Per Cubic Meter,1344.7,1358.99
2025-08-04,Cement (OPC 53 Grade),Per 50kg Bag,397.35,395.59
2025-08-04,Steel (TMT Fe550),Per Ton,59737.86,59898.81
2025-08-04,River Sand,Per Cubic Meter,1671.8,1676.88
2025-08-04,Aggregates (20mm),Per Cubic Meter,1325.65,1352.82
2025-08-05,Cement (OPC 53 Grade),Per 50kg Bag,391.35,395.24
2025-08-05,Steel (TMT Fe550),Per Ton,60687.52,59973.5
2025-08-05,River Sand,Per Cubic Meter,1652.09,1676.41
2025-08-05,Aggregates (20mm),Per Cubic Meter,1350.29,1346.77
2025-08-06,Cement (OPC 53 Grade),Per 50kg Bag,396.09,395.26
2025-08-06,Steel (TMT Fe550),Per Ton,60179.14,59942.9
2025-08-06,River Sand,Per Cubic Meter,1659.07,1672.54
2025-08-06,Aggregates (20mm),Per Cubic Meter,1352.44,1346.37
2025-08-07,Cement (OPC 53 Grade),Per 50kg Bag,400.97,396.3
2025-08-07,Steel (TMT Fe550),Per Ton,59958.51,59915.15
2025-08-07,River Sand,Per Cubic Meter,1659.25,1672.51
2025-08-07,Aggregates (20mm),Per Cubic Meter,1365.34,1348.71
2025-08-08,Cement (OPC 53 Grade),Per 50kg Bag,396.4,396.25
2025-08-08,Steel (TMT Fe550),Per Ton,60336.62,59934.24
2025-08-08,River Sand,Per Cubic Meter,1668.45,1671.23
2025-08-08,Aggregates (20mm),Per Cubic Meter,1320.64,1344.89
2025-08-09,Cement (OPC 53 Grade),Per 50kg Bag,397.92,396.76
2025-08-09,Steel (TMT Fe550),Per Ton,59521.48,59939.23
2025-08-09,River Sand,Per Cubic Meter,1659.57,1668.2
2025-08-09,Aggregates (20mm),Per Cubic Meter,1327.58,1340.95
2025-08-10,Cement (OPC 53 Grade),Per 50kg Bag,392.01,396.01
2025-08-10,Steel (TMT Fe550),Per Ton,59975.26,60056.63
2025-08-10,River Sand,Per Cubic Meter,1658.97,1661.31
2025-08-10,Aggregates (20mm),Per Cubic Meter,1350.26,1341.74
2025-08-11,Cement (OPC 53 Grade),Per 50kg Bag,397.35,396.01
2025-08-11,Steel (TMT Fe550),Per Ton,59978.39,60090.99
2025-08-11,River Sand,Per Cubic Meter,1644.71,1657.44
2025-08-11,Aggregates (20mm),Per Cubic Meter,1360.24,1346.68
2025-08-12,Cement (OPC 53 Grade),Per 50kg Bag,395.68,396.63
2025-08-12,Steel (TMT Fe550),Per Ton,59379.0,59904.06
2025-08-12,River Sand,Per Cubic Meter,1663.27,1659.04
2025-08-12,Aggregates (20mm),Per Cubic Meter,1354.1,1347.23
2025-08-13,Cement (OPC 53 Grade),Per 50kg Bag,390.46,395.83
2025-08-13,Steel (TMT Fe550),Per Ton,60207.23,59908.07
2025-08-13,River Sand,Per Cubic Meter,1644.74,1656.99
2025-08-13,Aggregates (20mm),Per Cubic Meter,1341.71,1345.7
2025-08-14,Cement (OPC 53 Grade),Per 50kg Bag,390.62,394.35
2025-08-14,Steel (TMT Fe550),Per Ton,59713.8,59873.11
2025-08-14,River Sand,Per Cubic Meter,1621.55,1651.61
2025-08-14,Aggregates (20mm),Per Cubic Meter,1309.5,1337.72
2025-08-15,Cement (OPC 53 Grade),Per 50kg Bag,396.24,394.33
2025-08-15,Steel (TMT Fe550),Per Ton,59385.73,59737.27
2025-08-15,River Sand,Per Cubic Meter,1622.88,1645.1
2025-08-15,Aggregates (20mm),Per Cubic Meter,1294.32,1333.96
2025-08-16,Cement (OPC 53 Grade),Per 50kg Bag,388.53,392.98
2025-08-16,Steel (TMT Fe550),Per Ton,59185.97,59689.34
2025-08-16,River Sand,Per Cubic Meter,1683.2,1648.47
2025-08-16,Aggregates (20mm),Per Cubic Meter,1356.66,1338.11
2025-08-17,Cement (OPC 53 Grade),Per 50kg Bag,388.09,392.42
2025-08-17,Steel (TMT Fe550),Per Ton,60336.27,59740.91
2025-08-17,River Sand,Per Cubic Meter,1666.64,1649.57
2025-08-17,Aggregates (20mm),Per Cubic Meter,1329.04,1335.08
2025-08-18,Cement (OPC 53 Grade),Per 50kg Bag,381.78,390.2
2025-08-18,Steel (TMT Fe550),Per Ton,60307.11,59787.87
2025-08-18,River Sand,Per Cubic Meter,1610.15,1644.63
2025-08-18,Aggregates (20mm),Per Cubic Meter,1301.69,1326.72
2025-08-19,Cement (OPC 53 Grade),Per 50kg Bag,393.24,389.85
2025-08-19,Steel (TMT Fe550),Per Ton,60314.25,59921.48
2025-08-19,River Sand,Per Cubic Meter,1673.71,1646.12
2025-08-19,Aggregates (20mm),Per Cubic Meter,1344.92,1325.41
2025-08-20,Cement (OPC 53 Grade),Per 50kg Bag,391.54,390.01
2025-08-20,Steel (TMT Fe550),Per Ton,59742.56,59855.1
2025-08-20,River Sand,Per Cubic Meter,1657.93,1648.01
2025-08-20,Aggregates (20mm),Per Cubic Meter,1338.31,1324.92
2025-08-21,Cement (OPC 53 Grade),Per 50kg Bag,389.62,389.86
2025-08-21,Steel (TMT Fe550),Per Ton,59393.89,59809.4
2025-08-21,River Sand,Per Cubic Meter,1621.44,1647.99
2025-08-21,Aggregates (20mm),Per Cubic Meter,1326.1,1327.29
2025-08-22,Cement (OPC 53 Grade),Per 50kg Bag,383.34,388.02
2025-08-22,Steel (TMT Fe550),Per Ton,59338.22,59802.61
2025-08-22,River Sand,Per Cubic Meter,1614.75,1646.83
2025-08-22,Aggregates (20mm),Per Cubic Meter,1308.66,1329.34
2025-08-23,Cement (OPC 53 Grade),Per 50kg Bag,389.29,388.13
2025-08-23,Steel (TMT Fe550),Per Ton,59790.84,59889.02
2025-08-23,River Sand,Per Cubic Meter,1658.03,1643.24
2025-08-23,Aggregates (20mm),Per Cubic Meter,1298.33,1321.01
2025-08-24,Cement (OPC 53 Grade),Per 50kg Bag,385.1,387.7
2025-08-24,Steel (TMT Fe550),Per Ton,59595.88,59783.25
2025-08-24,River Sand,Per Cubic Meter,1612.45,1635.49
2025-08-24,Aggregates (20mm),Per Cubic Meter,1324.25,1320.32
2025-08-25,Cement (OPC 53 Grade),Per 50kg Bag,389.94,388.87
2025-08-25,Steel (TMT Fe550),Per Ton,58914.57,59584.32
2025-08-25,River Sand,Per Cubic Meter,1636.59,1639.27
2025-08-25,Aggregates (20mm),Per Cubic Meter,1301.05,1320.23
2025-08-26,Cement (OPC 53 Grade),Per 50kg Bag,385.81,387.81
2025-08-26,Steel (TMT Fe550),Per Ton,59298.65,59439.23
2025-08-26,River Sand,Per Cubic Meter,1595.71,1628.13
2025-08-26,Aggregates (20mm),Per Cubic Meter,1335.53,1318.89
2025-08-27,Cement (OPC 53 Grade),Per 50kg Bag,387.45,387.22
2025-08-27,Steel (TMT Fe550),Per Ton,59330.57,59380.37
2025-08-27,River Sand,Per Cubic Meter,1636.85,1625.12
2025-08-27,Aggregates (20mm),Per Cubic Meter,1352.98,1320.99
2025-08-28,Cement (OPC 53 Grade),Per 50kg Bag,387.63,386.94
2025-08-28,Steel (TMT Fe550),Per Ton,58957.28,59318.0
2025-08-28,River Sand,Per Cubic Meter,1633.21,1626.8
2025-08-28,Aggregates (20mm),Per Cubic Meter,1335.53,1322.33
2025-08-29,Cement (OPC 53 Grade),Per 50kg Bag,387.07,387.47
2025-08-29,Steel (TMT Fe550),Per Ton,59067.63,59279.35
2025-08-29,River Sand,Per Cubic Meter,1612.7,1626.51
2025-08-29,Aggregates (20mm),Per Cubic Meter,1310.37,1322.58
2025-08-30,Cement (OPC 53 Grade),Per 50kg Bag,381.93,386.42
2025-08-30,Steel (TMT Fe550),Per Ton,59590.66,59250.75
2025-08-30,River Sand,Per Cubic Meter,1598.77,1618.04
2025-08-30,Aggregates (20mm),Per Cubic Meter,1308.72,1324.06
2025-08-31,Cement (OPC 53 Grade),Per 50kg Bag,383.9,386.25
2025-08-31,Steel (TMT Fe550),Per Ton,59258.85,59202.6
2025-08-31,River Sand,Per Cubic Meter,1619.62,1619.06
2025-08-31,Aggregates (20mm),Per Cubic Meter,1346.48,1327.24
2025-09-01,Cement (OPC 53 Grade),Per 50kg Bag,383.74,385.36
2025-09-01,Steel (TMT Fe550),Per Ton,59006.33,59215.71
2025-09-01,River Sand,Per Cubic Meter,1605.7,1614.65
2025-09-01,Aggregates (20mm),Per Cubic Meter,1363.37,1336.14
2025-09-02,Cement (OPC 53 Grade),Per 50kg Bag,381.71,384.78
2025-09-02,Steel (TMT Fe550),Per Ton,58969.12,59168.63
2025-09-02,River Sand,Per Cubic Meter,1638.67,1620.79
2025-09-02,Aggregates (20mm),Per Cubic Meter,1327.68,1335.02
2025-09-03,Cement (OPC 53 Grade),Per 50kg Bag,384.74,384.39
2025-09-03,Steel (TMT Fe550),Per Ton,58774.84,59089.24
2025-09-03,River Sand,Per Cubic Meter,1623.59,1618.89
2025-09-03,Aggregates (20mm),Per Cubic Meter,1315.4,1329.65
2025-09-04,Cement (OPC 53 Grade),Per 50kg Bag,388.26,384.48
2025-09-04,Steel (TMT Fe550),Per Ton,59506.97,59167.77
2025-09-04,River Sand,Per Cubic Meter,1608.24,1615.33
2025-09-04,Aggregates (20mm),Per Cubic Meter,1289.87,1323.13
2025-09-05,Cement (OPC 53 Grade),Per 50kg Bag,384.44,384.1
2025-09-05,Steel (TMT Fe550),Per Ton,59581.83,59241.23
2025-09-05,River Sand,Per Cubic Meter,1601.16,1613.68
2025-09-05,Aggregates (20mm),Per Cubic Meter,1348.96,1328.64
2025-09-06,Cement (OPC 53 Grade),Per 50kg Bag,390.0,385.26
2025-09-06,Steel (TMT Fe550),Per Ton,58488.98,59083.85
2025-09-06,River Sand,Per Cubic Meter,1631.86,1618.41
2025-09-06,Aggregates (20mm),Per Cubic Meter,1347.66,1334.2
2025-09-07,Cement (OPC 53 Grade),Per 50kg Bag,382.83,385.1
2025-09-07,Steel (TMT Fe550),Per Ton,58557.02,58983.58
2025-09-07,River Sand,Per Cubic Meter,1603.67,1616.13
2025-09-07,Aggregates (20mm),Per Cubic Meter,1293.71,1326.66
2025-09-08,Cement (OPC 53 Grade),Per 50kg Bag,381.61,384.8
2025-09-08,Steel (TMT Fe550),Per Ton,58168.1,58863.84
2025-09-08,River Sand,Per Cubic Meter,1616.69,1617.7
2025-09-08,Aggregates (20mm),Per Cubic Meter,1297.51,1317.26
2025-09-09,Cement (OPC 53 Grade),Per 50kg Bag,384.23,385.16
2025-09-09,Steel (TMT Fe550),Per Ton,58008.47,58726.6
2025-09-09,River Sand,Per Cubic Meter,1622.26,1615.35
2025-09-09,Aggregates (20mm),Per Cubic Meter,1328.48,1317.37
2025-09-10,Cement (OPC 53 Grade),Per 50kg Bag,376.49,383.98
2025-09-10,Steel (TMT Fe550),Per Ton,58602.66,58702.0
2025-09-10,River Sand,Per Cubic Meter,1641.83,1617.96
2025-09-10,Aggregates (20mm),Per Cubic Meter,1286.52,1313.24
2025-09-11,Cement (OPC 53 Grade),Per 50kg Bag,388.38,384.0
2025-09-11,Steel (TMT Fe550),Per Ton,58568.37,58567.92
2025-09-11,River Sand,Per Cubic Meter,1595.38,1616.12
2025-09-11,Aggregates (20mm),Per Cubic Meter,1308.49,1315.9
2025-09-12,Cement (OPC 53 Grade),Per 50kg Bag,384.35,383.98
2025-09-12,Steel (TMT Fe550),Per Ton,58404.63,58399.75
2025-09-12,River Sand,Per Cubic Meter,1623.03,1619.25
2025-09-12,Aggregates (20mm),Per Cubic Meter,1290.09,1307.49
2025-09-13,Cement (OPC 53 Grade),Per 50kg Bag,382.73,382.95
2025-09-13,Steel (TMT Fe550),Per Ton,57858.55,58309.69
2025-09-13,River Sand,Per Cubic Meter,1606.5,1615.62
2025-09-13,Aggregates (20mm),Per Cubic Meter,1289.31,1299.16
2025-09-14,Cement (OPC 53 Grade),Per 50kg Bag,379.38,382.45
2025-09-14,Steel (TMT Fe550),Per Ton,58692.21,58329.0
2025-09-14,River Sand,Per Cubic Meter,1633.19,1619.84
2025-09-14,Aggregates (20mm),Per Cubic Meter,1318.46,1302.69
2025-09-15,Cement (OPC 53 Grade),Per 50kg Bag,377.87,381.92
2025-09-15,Steel (TMT Fe550),Per Ton,58125.01,58322.84
2025-09-15,River Sand,Per Cubic Meter,1634.66,1622.41
2025-09-15,Aggregates (20mm),Per Cubic Meter,1308.0,1304.19
2025-09-16,Cement (OPC 53 Grade),Per 50kg Bag,388.92,382.59
2025-09-16,Steel (TMT Fe550),Per Ton,58311.83,58366.18
2025-09-16,River Sand,Per Cubic Meter,1609.47,1620.58
2025-09-16,Aggregates (20mm),Per Cubic Meter,1297.87,1299.82
2025-09-17,Cement (OPC 53 Grade),Per 50kg Bag,381.3,383.28
2025-09-17,Steel (TMT Fe550),Per Ton,58080.09,58291.53
2025-09-17,River Sand,Per Cubic Meter,1620.13,1617.48
2025-09-17,Aggregates (20mm),Per Cubic Meter,1322.07,1304.9
2025-09-18,Cement (OPC 53 Grade),Per 50kg Bag,377.91,381.78
2025-09-18,Steel (TMT Fe550),Per Ton,57637.31,58158.52
2025-09-18,River Sand,Per Cubic Meter,1559.39,1612.34
2025-09-18,Aggregates (20mm),Per Cubic Meter,1311.98,1305.4
2025-09-19,Cement (OPC 53 Grade),Per 50kg Bag,376.53,380.66
2025-09-19,Steel (TMT Fe550),Per Ton,57313.55,58002.65
2025-09-19,River Sand,Per Cubic Meter,1609.93,1610.47
2025-09-19,Aggregates (20mm),Per Cubic Meter,1350.56,1314.04
2025-09-20,Cement (OPC 53 Grade),Per 50kg Bag,379.86,380.25
2025-09-20,Steel (TMT Fe550),Per Ton,58260.79,58060.11
2025-09-20,River Sand,Per Cubic Meter,1601.39,1609.74
2025-09-20,Aggregates (20mm),Per Cubic Meter,1297.6,1315.22
2025-09-21,Cement (OPC 53 Grade),Per 50kg Bag,382.61,380.71
2025-09-21,Steel (TMT Fe550),Per Ton,57834.65,57937.6
2025-09-21,River Sand,Per Cubic Meter,1604.35,1605.62
2025-09-21,Aggregates (20mm),Per Cubic Meter,1304.9,1313.28
2025-09-22,Cement (OPC 53 Grade),Per 50kg Bag,377.0,380.59
2025-09-22,Steel (TMT Fe550),Per Ton,58212.23,57950.06
2025-09-22,River Sand,Per Cubic Meter,1592.65,1599.62
2025-09-22,Aggregates (20mm),Per Cubic Meter,1282.23,1309.6
2025-09-23,Cement (OPC 53 Grade),Per 50kg Bag,380.69,379.41
2025-09-23,Steel (TMT Fe550),Per Ton,57532.24,57838.69
2025-09-23,River Sand,Per Cubic Meter,1596.02,1597.69
2025-09-23,Aggregates (20mm),Per Cubic Meter,1296.05,1309.34
2025-09-24,Cement (OPC 53 Grade),Per 50kg Bag,382.19,379.54
2025-09-24,Steel (TMT Fe550),Per Ton,57940.18,57818.71
2025-09-24,River Sand,Per Cubic Meter,1593.4,1593.88
2025-09-24,Aggregates (20mm),Per Cubic Meter,1311.47,1307.83
2025-09-25,Cement (OPC 53 Grade),Per 50kg Bag,382.88,380.25
2025-09-25,Steel (TMT Fe550),Per Ton,57918.18,57858.83
2025-09-25,River Sand,Per Cubic Meter,1592.86,1598.66
2025-09-25,Aggregates (20mm),Per Cubic Meter,1267.76,1301.51
2025-09-26,Cement (OPC 53 Grade),Per 50kg Bag,374.37,379.94
2025-09-26,Steel (TMT Fe550),Per Ton,57580.87,57897.02
2025-09-26,River Sand,Per Cubic Meter,1577.02,1593.96
2025-09-26,Aggregates (20mm),Per Cubic Meter,1289.15,1292.74
2025-09-27,Cement (OPC 53 Grade),Per 50kg Bag,377.78,379.65
2025-09-27,Steel (TMT Fe550),Per Ton,57809.63,57832.57
2025-09-27,River Sand,Per Cubic Meter,1588.23,1592.08
2025-09-27,Aggregates (20mm),Per Cubic Meter,1301.51,1293.3
2025-09-28,Cement (OPC 53 Grade),Per 50kg Bag,377.49,378.91
2025-09-28,Steel (TMT Fe550),Per Ton,56925.15,57702.64
2025-09-28,River Sand,Per Cubic Meter,1566.6,1586.68
2025-09-28,Aggregates (20mm),Per Cubic Meter,1287.79,1290.85
2025-09-29,Cement (OPC 53 Grade),Per 50kg Bag,372.92,378.33
2025-09-29,Steel (TMT Fe550),Per Ton,57734.31,57634.37
2025-09-29,River Sand,Per Cubic Meter,1622.87,1591.0
2025-09-29,Aggregates (20mm),Per Cubic Meter,1313.94,1295.38
2025-09-30,Cement (OPC 53 Grade),Per 50kg Bag,375.92,377.65
2025-09-30,Steel (TMT Fe550),Per Ton,57982.07,57698.63
2025-09-30,River Sand,Per Cubic Meter,1589.27,1590.04
2025-09-30,Aggregates (20mm),Per Cubic Meter,1281.72,1293.33
2025-10-01,Cement (OPC 53 Grade),Per 50kg Bag,374.26,376.52
2025-10-01,Steel (TMT Fe550),Per Ton,57335.33,57612.22
2025-10-01,River Sand,Per Cubic Meter,1575.39,1587.46
2025-10-01,Aggregates (20mm),Per Cubic Meter,1290.77,1290.38
2025-10-02,Cement (OPC 53 Grade),Per 50kg Bag,376.52,375.61
2025-10-02,Steel (TMT Fe550),Per Ton,57388.32,57536.53
2025-10-02,River Sand,Per Cubic Meter,1593.29,1587.52
2025-10-02,Aggregates (20mm),Per Cubic Meter,1310.08,1296.42
2025-10-03,Cement (OPC 53 Grade),Per 50kg Bag,378.83,376.25
2025-10-03,Steel (TMT Fe550),Per Ton,56843.67,57431.21
2025-10-03,River Sand,Per Cubic Meter,1522.16,1579.69
2025-10-03,Aggregates (20mm),Per Cubic Meter,1303.86,1298.52
2025-10-04,Cement (OPC 53 Grade),Per 50kg Bag,370.79,375.25
2025-10-04,Steel (TMT Fe550),Per Ton,57215.24,57346.3
2025-10-04,River Sand,Per Cubic Meter,1553.12,1574.67
2025-10-04,Aggregates (20mm),Per Cubic Meter,1248.05,1290.89
2025-10-05,Cement (OPC 53 Grade),Per 50kg Bag,376.84,375.15
2025-10-05,Steel (TMT Fe550),Per Ton,57494.95,57427.7
2025-10-05,River Sand,Per Cubic Meter,1565.63,1574.53
2025-10-05,Aggregates (20mm),Per Cubic Meter,1231.19,1282.8
2025-10-06,Cement (OPC 53 Grade),Per 50kg Bag,372.9,375.15
2025-10-06,Steel (TMT Fe550),Per Ton,57324.46,57369.15
2025-10-06,River Sand,Per Cubic Meter,1543.25,1563.16
2025-10-06,Aggregates (20mm),Per Cubic Meter,1285.6,1278.75
2025-10-07,Cement (OPC 53 Grade),Per 50kg Bag,374.35,374.93
2025-10-07,Steel (TMT Fe550),Per Ton,57339.16,57277.3
2025-10-07,River Sand,Per Cubic Meter,1579.23,1561.72
2025-10-07,Aggregates (20mm),Per Cubic Meter,1261.4,1275.85
2025-10-08,Cement (OPC 53 Grade),Per 50kg Bag,378.08,375.47
2025-10-08,Steel (TMT Fe550),Per Ton,57045.67,57235.92
2025-10-08,River Sand,Per Cubic Meter,1574.49,1561.6
2025-10-08,Aggregates (20mm),Per Cubic Meter,1261.13,1271.62
2025-10-09,Cement (OPC 53 Grade),Per 50kg Bag,372.31,374.87
2025-10-09,Steel (TMT Fe550),Per Ton,56756.3,57145.64
2025-10-09,River Sand,Per Cubic Meter,1569.79,1558.24
2025-10-09,Aggregates (20mm),Per Cubic Meter,1312.97,1272.03
2025-10-10,Cement (OPC 53 Grade),Per 50kg Bag,368.9,373.45
2025-10-10,Steel (TMT Fe550),Per Ton,56466.38,57091.74
2025-10-10,River Sand,Per Cubic Meter,1606.86,1570.34
2025-10-10,Aggregates (20mm),Per Cubic Meter,1273.49,1267.69
2025-10-11,Cement (OPC 53 Grade),Per 50kg Bag,370.94,373.47
2025-10-11,Steel (TMT Fe550),Per Ton,57304.17,57104.44
2025-10-11,River Sand,Per Cubic Meter,1557.11,1570.91
2025-10-11,Aggregates (20mm),Per Cubic Meter,1313.15,1276.99
2025-10-12,Cement (OPC 53 Grade),Per 50kg Bag,375.13,373.23
2025-10-12,Steel (TMT Fe550),Per Ton,56748.5,56997.81
2025-10-12,River Sand,Per Cubic Meter,1620.3,1578.72
2025-10-12,Aggregates (20mm),Per Cubic Meter,1263.48,1281.6
2025-10-13,Cement (OPC 53 Grade),Per 50kg Bag,375.04,373.54
2025-10-13,Steel (TMT Fe550),Per Ton,56964.83,56946.43
2025-10-13,River Sand,Per Cubic Meter,1599.07,1586.69
2025-10-13,Aggregates (20mm),Per Cubic Meter,1305.79,1284.49
2025-10-14,Cement (OPC 53 Grade),Per 50kg Bag,372.37,373.25
2025-10-14,Steel (TMT Fe550),Per Ton,56568.19,56836.29
2025-10-14,River Sand,Per Cubic Meter,1578.16,1586.54
2025-10-14,Aggregates (20mm),Per Cubic Meter,1259.98,1284.28
2025-10-15,Cement (OPC 53 Grade),Per 50kg Bag,378.68,373.34
2025-10-15,Steel (TMT Fe550),Per Ton,56819.45,56803.97
2025-10-15,River Sand,Per Cubic Meter,1557.65,1584.13
2025-10-15,Aggregates (20mm),Per Cubic Meter,1276.21,1286.44
2025-10-16,Cement (OPC 53 Grade),Per 50kg Bag,367.18,372.61
2025-10-16,Steel (TMT Fe550),Per Ton,56405.04,56753.79
2025-10-16,River Sand,Per Cubic Meter,1592.95,1587.44
2025-10-16,Aggregates (20mm),Per Cubic Meter,1258.37,1278.64
2025-10-17,Cement (OPC 53 Grade),Per 50kg Bag,367.89,372.46
2025-10-17,Steel (TMT Fe550),Per Ton,56863.15,56810.48
2025-10-17,River Sand,Per Cubic Meter,1591.37,1585.23
2025-10-17,Aggregates (20mm),Per Cubic Meter,1284.89,1280.27
2025-10-18,Cement (OPC 53 Grade),Per 50kg Bag,374.41,372.96
2025-10-18,Steel (TMT Fe550),Per Ton,56387.74,56679.56
2025-10-18,River Sand,Per Cubic Meter,1529.31,1581.26
2025-10-18,Aggregates (20mm),Per Cubic Meter,1299.54,1278.32
2025-10-19,Cement (OPC 53 Grade),Per 50kg Bag,369.73,372.19
2025-10-19,Steel (TMT Fe550),Per Ton,56512.53,56645.85
2025-10-19,River Sand,Per Cubic Meter,1592.26,1577.25
2025-10-19,Aggregates (20mm),Per Cubic Meter,1279.66,1280.63
2025-10-20,Cement (OPC 53 Grade),Per 50kg Bag,372.04,371.76
2025-10-20,Steel (TMT Fe550),Per Ton,57274.37,56690.07
2025-10-20,River Sand,Per Cubic Meter,1545.06,1569.54
2025-10-20,Aggregates (20mm),Per Cubic Meter,1286.12,1277.82
2025-10-21,Cement (OPC 53 Grade),Per 50kg Bag,370.43,371.48
2025-10-21,Steel (TMT Fe550),Per Ton,56599.22,56694.5
2025-10-21,River Sand,Per Cubic Meter,1594.55,1571.88
2025-10-21,Aggregates (20mm),Per Cubic Meter,1276.75,1280.22
2025-10-22,Cement (OPC 53 Grade),Per 50kg Bag,371.75,370.49
2025-10-22,Steel (TMT Fe550),Per Ton,56824.62,56695.24
2025-10-22,River Sand,Per Cubic Meter,1549.2,1570.67
2025-10-22,Aggregates (20mm),Per Cubic Meter,1248.86,1276.31
2025-10-23,Cement (OPC 53 Grade),Per 50kg Bag,366.2,370.35
2025-10-23,Steel (TMT Fe550),Per Ton,55769.54,56604.45
2025-10-23,River Sand,Per Cubic Meter,1604.53,1572.33
2025-10-23,Aggregates (20mm),Per Cubic Meter,1242.63,1274.06
2025-10-24,Cement (OPC 53 Grade),Per 50kg Bag,368.67,370.46
2025-10-24,Steel (TMT Fe550),Per Ton,56291.07,56522.73
2025-10-24,River Sand,Per Cubic Meter,1562.58,1568.21
2025-10-24,Aggregates (20mm),Per Cubic Meter,1280.08,1273.38
2025-10-25,Cement (OPC 53 Grade),Per 50kg Bag,372.01,370.12
2025-10-25,Steel (TMT Fe550),Per Ton,56147.81,56488.45
2025-10-25,River Sand,Per Cubic Meter,1550.37,1571.22
2025-10-25,Aggregates (20mm),Per Cubic Meter,1268.49,1268.94
2025-10-26,Cement (OPC 53 Grade),Per 50kg Bag,368.04,369.88
2025-10-26,Steel (TMT Fe550),Per Ton,56837.26,56534.84
2025-10-26,River Sand,Per Cubic Meter,1564.6,1567.27
2025-10-26,Aggregates (20mm),Per Cubic Meter,1276.63,1268.51
2025-10-27,Cement (OPC 53 Grade),Per 50kg Bag,370.82,369.7
2025-10-27,Steel (TMT Fe550),Per Ton,56652.46,56446.0
2025-10-27,River Sand,Per Cubic Meter,1556.26,1568.87
2025-10-27,Aggregates (20mm),Per Cubic Meter,1235.09,1261.22
2025-10-28,Cement (OPC 53 Grade),Per 50kg Bag,369.68,369.6
2025-10-28,Steel (TMT Fe550),Per Ton,56004.51,56361.04
2025-10-28,River Sand,Per Cubic Meter,1538.61,1560.88
2025-10-28,Aggregates (20mm),Per Cubic Meter,1271.87,1260.52
2025-10-29,Cement (OPC 53 Grade),Per 50kg Bag,372.22,369.66
2025-10-29,Steel (TMT Fe550),Per Ton,56189.58,56270.32
2025-10-29,River Sand,Per Cubic Meter,1557.07,1562.0
2025-10-29,Aggregates (20mm),Per Cubic Meter,1293.31,1266.87
2025-10-30,Cement (OPC 53 Grade),Per 50kg Bag,368.64,370.01
2025-10-30,Steel (TMT Fe550),Per Ton,57011.12,56447.69
2025-10-30,River Sand,Per Cubic Meter,1561.99,1555.93
2025-10-30,Aggregates (20mm),Per Cubic Meter,1223.18,1264.09
2025-10-31,Cement (OPC 53 Grade),Per 50kg Bag,370.1,370.22
2025-10-31,Steel (TMT Fe550),Per Ton,56232.89,56439.38
2025-10-31,River Sand,Per Cubic Meter,1577.84,1558.11
2025-10-31,Aggregates (20mm),Per Cubic Meter,1271.01,1262.8
